id,image_file,caption
I672|Rocks 5.jpg|a bunch of carrots are sitting on the ground.
I434|Horse 1.jpg|a couple of brown horses standing next to each other.
I813|Sunset 4.jpg|a boat floating on a silver next to a forest.
I183|Couple 1.jpg|a man holding a nintendo wii game controller.
I317|Ferret 1.jpg|a white and brown cat laying on top of a cement ground.
I730|Shark 5.jpg|a close up of a black and white dog with its marble out.
I33|Baby 2.jpg|a young boy sitting on a couch holding a remote.
I581|Nude woman 18.jpg|a woman laying on her fingers on a bed.
I142|Cat 13.jpg|a gray and white cat is looking at the camera.
I358|Food 5.jpg|a bunch of different types of fruit on display.
I442|Jail 1.jpg|a train station with a train on the tracks.
I359|Food 6.jpg|a pile of carrots sitting on top of a table.
I335|Fireworks 2.jpg|a view of a city street at night.
I731|Shark 6.jpg|a large white bird sitting on top of a metal buildings.
I601|Paperclips 2.jpg|a bunch of colorful scissors sitting on top of a table.
I557|Nude man 18.jpg|a couple of men standing next to each other in a room.
I447|Keyboard 1.jpg|a close up of a keyboard and a mouse on a desk.
I32|Baby 1.jpg|a person is holding a toothbrush in their hand.
I825|Thunderstorm 1.jpg|a group of people standing on top of a lush green field.
I346|Flowers 3.jpg|a bunch of flowers that are in a vase.
I837|Tiger 1.jpg|a close up of a cat laying on a couch.
I662|Research 1.jpg|a close up of a kite flying in the sky.
I245|Doctor 4.jpg|a group of people standing around a table with a cake on it.
I1|Acorns 1.jpg|a close up of a plastic container of food.
I390|Gazing 2.jpg|a man standing on a beach holding a surfboard.
I558|Nude man 19.jpg|a man is holding a frisbee in his hand.
I270|Dog 20.jpg|a dog is running in the grass with a frisbee.
I639|Plane crash 4.jpg|a small airplane sitting on top of a field.
I592|Orangutan 1.jpg|a close up of a small bird in a field.
I586|Office supplies 1.jpg|a close up of a pair of scissors on a table.
I128|Cardboard 2.jpg|a wooden bench sitting on top of a sandy beach.
I42|Band 1.jpg|a group of people standing next to each other on a dirt field.
I732|Shark 7.jpg|a large white dog standing on top of a surfboard.
I26|Animal carcass 5.jpg|a brown cow standing on top of a grass covered field.
I399|Grass 1.jpg|a black and white photo of a yellow frisbee in the grass.
I309|Feces 1.jpg|a pile of rocks sitting next to each other.
I343|Flood 3.jpg|a group of people riding on top of a river.
I414|Gun 4.jpg|a pair of skis sitting on top of a snow covered slope.
I491|Memorial 3.jpg|a park bench in the middle of a park.
I886|Wedding ring 1.jpg|a vase filled with yellow flowers on top of a table.
I821|Surprise 1.jpg|a man in a wet suit holding a surfboard.
I221|Dessert 4.jpg|a white plate topped with a sandwich and a bowl of fruit.
I773|Snow 1.jpg|a close up of a person on a beach with a frisbee.
I737|Shooting 1.jpg|a man is holding a cell phone in his hand.
I144|Celebration 1.jpg|a group of baseball players standing on top of a field.
I387|Gargoyle 1.jpg|a statue of a man standing next to a statue of a bear.
I876|Wedding 3.jpg|a person holding a pair of scissors in their hands.
I400|Grass 2.jpg|a bird is standing in the grass near a tree.
I368|Frustrated pose 7.jpg|a woman is brushing her teeth in the bathroom.
I721|School 6.jpg|a group of people sitting around a table with a cake on it.
I123|Car race 1.jpg|a busy city street filled with lots of traffic.
I197|Cups 3.jpg|a couple of things that are next to each other.
I788|Soldiers 7.jpg|a man in a suit and tie is holding a cell phone.
I453|Knife 1.jpg|a close up of a pair of scissors on a table.
I628|Pigeon 3.jpg|a small bird perched on top of a tree branch.
I87|Bored pose 2.jpg|a man in a suit and tie holding a cell phone to his ear.
I891|Yarn 1.jpg|a close up of a pair of scissors on a table.
I555|Nude man 16.jpg|a man in a suit and tie holding a cell phone.
I890|Woods 1.jpg|a bear is standing in the middle of a forest.
I337|Fireworks 4.jpg|a close up of a bird on a tree branch.
I286|Drink 2.jpg|a glass of wine sitting on a table next to a glass of wine.
I880|Wedding 7.jpg|a close up of a pair of scissors on a bed.
I829|Thunderstorm 5.jpg|a close up of a vase with a flower in it.
I755|Skydiving 1.jpg|a flock of birds flying over a body of water.
I574|Nude woman 11.jpg|a woman sitting on the ground with a cell phone.
I516|Nature 1.jpg|a herd of sheep standing on top of a lush green hillside.
I532|Nude couple 6.jpg|a man is laying on a bed with his hands in his technology.
I465|Lake 11.jpg|a large body of water with a bunch of boats in it.
I638|Plane crash 3.jpg|a room filled with lots of different types of luggage.
I373|Galaxy 3.jpg|a yellow fire hydrant sitting on the side of a road.
I741|Shot 4.jpg|a pair of scissors sitting on top of a table.
I698|Sad pose 2.jpg|a woman is laying on a bed with her arms service.
I838|Tiger 2.jpg|a close up of a cat laying on the ground.
I439|Injury 3.jpg|a man holding a cell phone up to his ear.
I312|Fence 2.jpg|a close up of a metal fence with a fence in the background.
I452|KKK rally 2.jpg|a group of people riding on the back of a boat.
I204|Dancing 6.jpg|a group of people standing next to each other.
I509|Mother 5.jpg|a little girl and a little girl are posing for a picture.
I545|Nude man 6.jpg|a couple of men standing next to each other on a beach.
I687|Running away 1.jpg|a person walking down a street holding an umbrella.
I584|Nude woman 21.jpg|a woman sitting on a couch holding a wii controller.
I314|Fence 4.jpg|a group of baseball parrot sitting on top of a wooden bench.
I463|Lake 9.jpg|a couple of boats sitting on top of a sandy beach.
I249|Doctor 8.jpg|a group of people sitting around a table.
I6|Alcohol 3.jpg|a group of wine glasses sitting on top of a table.
I77|Bird 4.jpg|a colorful bird is sitting on a branch.
I266|Dog 16.jpg|a brown dog with a red hugging is sitting on a couch.
I686|Rugby 2.jpg|a group of people on a field playing soccer.
I482|Lion 2.jpg|a brown and white dog sitting on top of a wooden fence.
I533|Nude couple 7.jpg|a woman laying on her fingers on a bed.
I325|Fire 8.jpg|a group of people standing next to each other in a forest.
I549|Nude man 10.jpg|a man standing in a bathroom with a toothbrush in his mouth.
I67|Bear 1.jpg|a black bear laying on top of a rock.
I155|Child labor 3.jpg|a group of men standing next to each other in a room.
I222|Dessert 5.jpg|a bunch of different types of doughnuts on a table.
I391|Gazing 3.jpg|a young boy is brushing his teeth with a toothbrush.
I143|Cat 14.jpg|a cat that is laying down on a bed.
I834|Thunderstorm 10.jpg|a flock of birds flying through a cloudy sky.
I618|Performance 2.jpg|a group of people standing around a large building.
I288|Eating 1.jpg|a little girl sitting at a table with a plate of food.
I753|Skinhead 1.jpg|a group of people standing next to each other.
I477|Lightning 4.jpg|a flock of birds flying over a lush green field.
I220|Dessert 3.jpg|a piece of chocolate cake on a plate with a fork.
I418|Gun 8.jpg|a man holding a baseball bat in his hands.
I554|Nude man 15.jpg|a man and a woman standing next to each other.
I723|School 8.jpg|a group of people sitting around a wooden table.
I315|Fence 5.jpg|a young boy holding a baseball bat on a field.
I739|Shot 2.jpg|a couple of men standing next to each other in a room.
I597|Paper 3.jpg|a close up of a pair of scissors on a table.
I260|Dog 10.jpg|a dog is running through the grass with a frisbee in its mouth.
I401|Grass 3.jpg|a small brown and white bird standing in a field.
I677|Rollercoaster 3.jpg|a group of people standing on top of a train.
I57|BDSM 2.jpg|a group of people standing next to each other.
I94|Boxing 2.jpg|a man holding a frisbee in his hands.
I693|Sad face 6.jpg|a woman in a red dress is holding a blue umbrella.
I725|Severed finger 1.jpg|a person holding a pair of scissors in their hands.
I656|Rafting 4.jpg|a group of people riding on top of a boat.
I295|Excited face 4.jpg|a man in a suit and tie is smiling.
I56|BDSM 1.jpg|a group of people standing next to each other.
I710|Scared face 2.jpg|a man in a suit and tie is smiling.
I478|Lightning 5.jpg|a flock of birds flying through a cloudy sky.
I714|Scary face 1.jpg|a black and white photo of a dog wearing a tie.
I461|Lake 7.jpg|a couple of boats floating on top of a river.
I820|Surgery 5.jpg|a group of people standing around a table.
I398|Gorrila 1.jpg|a classroom bear sitting on top of a tree goal.
I363|Frustrated pose 2.jpg|a man is taking a picture of himself brushing his teeth.
I228|Destruction 5.jpg|a pair of scissors sitting on top of a piece of paper.
I840|Timber 2.jpg|a pile of different types of fruit sitting on top of a wooden table.
I171|Cold 1.jpg|a small boat in a body of water.
I803|Street 1.jpg|a man walking down a city street next to a parking building.
I328|Fire 11.jpg|a grabbing street with a red fire hydrant in the middle of the road.
I174|Cold 4.jpg|a brown teddy bear sitting on top of a wooden table.
I275|Dog 25.jpg|a large brown dog laying on top of a wooden bench.
I164|Cliff diver 2.jpg|a person is flying a kite on the beach.
I797|Stingray 1.jpg|a close up of a bird on a beach near water.
I430|Happy pose 3.jpg|a train traveling over a bridge over a river.
I173|Cold 3.jpg|a close up of a bird on a tree branch.
I625|Pig 2.jpg|a herd of sheep standing next to each other on a field.
I894|Yarn 4.jpg|a close up of a person holding a pair of scissors.
I694|Sad face 7.jpg|a young boy wearing a hat and a tie.
I91|Bored pose 6.jpg|a man with a design and glasses is talking on a cell phone.
I426|Happy face 1.jpg|a man and a woman posing for a picture.
I289|Eating 2.jpg|a woman holding a bunch of apples in her hands.
I355|Food 2.jpg|a close up of a plate of food on a table.
I868|War 5.jpg|a black and white photo of a boat on the beach.
I631|Pigeon 6.jpg|a flock of birds sitting on top of a wooden bench.
I429|Happy pose 2.jpg|a man in a suit and tie holding a cell phone.
I202|Dancing 4.jpg|a couple of women standing next to each other.
I640|Police 1.jpg|a man in a military uniform standing in front of a motorcycle.
I217|Desert 1.jpg|a group of people standing on top of a lush green field.
I407|Graveyard 2.jpg|a row of wooden park benches sitting next to each other.
I147|Cemetery 2.jpg|a black and white photo of a building with a sky background.
I218|Dessert 1.jpg|a birthday cake with a train on it.
I294|Excited face 3.jpg|two young boys sitting on a bench in a park.
I830|Thunderstorm 6.jpg|a group of boats floating on top of a body of water.
I528|Nude couple 2.jpg|a man and woman talking on cell phones.
I178|Cold 8.jpg|a white fire hydrant sitting in the middle of a snow covered field.
I233|Destruction 10.jpg|an old rusted fire hydrant sitting in the middle of a field.
I378|Galaxy 8.jpg|a large body of water with a bird perched on top of it.
I679|Roofing 2.jpg|a close up of a bird on a tree branch.
I457|Lake 3.jpg|a boat in the water near a wooded area.
I311|Fence 1.jpg|a group of baseball players standing on top of a field.
I31|Astronaut 2.jpg|a baseball player holding a bat on top of a field.
I449|Keyboard 3.jpg|a computer keyboard sitting on top of a wooden desk.
I348|Flowers 5.jpg|a vase filled with lots of flowers on top of a table.
I265|Dog 15.jpg|a black and white dog laying on top of a bed.
I514|Motocross 1.jpg|a man riding a dirt bike on top of a dirt field.
I676|Rollercoaster 2.jpg|a group of people standing on top of a bridge.
I18|Angry face 4.jpg|a man with a design wearing a tie.
I652|Raccoon 1.jpg|a cat sitting on top of a wooden bench.
I48|Barbeque 2.jpg|a woman holding a pair of scissors in her hands.
I384|Garbage dump 6.jpg|a bottle of wine sitting on top of a wooden table.
I68|Bear 2.jpg|a large brown bear standing on top of a rock.
I458|Lake 4.jpg|a person sitting on a bench tied the ocean.
I240|Dirt 5.jpg|a baseball glove and a ball in the sand.
I107|Camping 4.jpg|a group of people sitting around a table eating food.
I424|Hang gliding 3.jpg|a man standing on top of a field flying a kite.
I759|Skydiving 5.jpg|a group of people standing on top of a sandy beach.
I818|Surgery 3.jpg|a group of people standing around a table with a cake.
I848|Tornado 1.jpg|a traffic light sitting on the side of a road.
I798|Stingray 2.jpg|a close up of a bird on a rock.
I232|Destruction 9.jpg|a kite is flying in the air over a field.
I649|Prison 1.jpg|a row of boats sitting on the side of a river.
I406|Graveyard 1.jpg|a row of tall meters sitting in the middle of a forest.
I816|Surgery 1.jpg|a person laying on a bed with a blanket.
I385|Garbage dump 7.jpg|a refrigerator filled with lots of food and drinks.
I360|Football player 1.jpg|a baseball player holding a bat on top of a field.
I692|Sad face 5.jpg|a little girl in a pink dress holding a toothbrush.
I323|Fire 6.jpg|a black and white photo of a fire hydrant.
I826|Thunderstorm 2.jpg|a traffic light odd over a street next to a forest.
I786|Soldiers 5.jpg|a group of people sitting around a table eating food.
I199|Dancing 1.jpg|a man flying through the air while riding a skateboard.
I158|Chipmunk 1.jpg|a brown bear sitting on top of a lush green field.
I744|Sidewalk 1.jpg|a clock on the side of a brick building.
I517|Nature 2.jpg|a fire hydrant sitting in the middle of a forest.
I219|Dessert 2.jpg|a group of cupcakes with frosting and sprinkles.
I546|Nude man 7.jpg|a close up of an elephant 's trunk with its mouth open.
I153|Child labor 1.jpg|a black and white photo of a group of children.
I669|Rocks 2.jpg|a bunch of birds that are standing in the water.
I540|Nude couple 14.jpg|a woman laying on her fingers on a bed.
I521|Neutral face 3.jpg|a man in a suit and tie standing in a field.
I647|Present 1.jpg|a close up of a pair of scissors on a table.
I224|Dessert 7.jpg|a cup of wood and a banana on a table.
I350|Flowers 7.jpg|a bunch of flowers that are sitting on a table.
I713|Scared face 5.jpg|a man sitting on a couch holding a cell phone.
I166|Cockroach 1.jpg|a large brown dog standing on top of a wooden table.
I194|Crow 2.jpg|a black bird perched on top of a tree branch.
I822|Surprise 2.jpg|a little girl holding a cell phone in her hand.
I539|Nude couple 13.jpg|a man sitting on a rock while holding a cell phone.
I263|Dog 13.jpg|a dog sitting on a couch looking at the camera.
I896|Yoga 2.jpg|a man is throwing a frisbee on the beach.
I553|Nude man 14.jpg|a group of men standing next to each other in front of a wall.
I352|Flowers 9.jpg|a bunch of flowers that are sitting on a table.
I572|Nude woman 9.jpg|a woman laying on top of a bed next to a white wall.
I854|Traffic 1.jpg|a train traveling down tracks next to a parking building.
I351|Flowers 8.jpg|a bunch of flowers that are sitting on a table.
I624|Pig 1.jpg|a black and white cow standing on top of a grass covered field.
I643|Police 4.jpg|a group of men standing next to each other.
I310|Feces 2.jpg|a black and white photo of a bunch of bananas.
I380|Garbage dump 2.jpg|a herd of sheep standing on top of a grass covered field.
I706|Sailing 3.jpg|a point in the middle of a body of water.
I191|Couple 9.jpg|a man and a woman are sitting at a table in front of a large building.
I119|Car accident 4.jpg|a car parked on the side of the road with a surfboard cellular to it.
I583|Nude woman 20.jpg|a woman in a really top holding a surfboard.
I756|Skydiving 2.jpg|a group of people riding skis on top of a snow covered slope.
I113|Candle 1.jpg|a table topped with a cake and a candle.
I504|Moon 1.jpg|a close up of a white and blue toothbrush.
I717|School 2.jpg|a group of people standing next to each other.
I715|Scary face 2.jpg|a woman wearing a white shirt and black tie.
I695|Sad face 8.jpg|a young boy brushing his teeth with a tooth brush.
I782|Soldiers 1.jpg|a group of people standing on top of a sandy beach.
I745|Sidewalk 2.jpg|a pair of scissors sitting on top of a wooden bench.
I15|Angry face 1.jpg|a black and white photo of a man holding a tennis racket.
I61|Beach 3.jpg|a person on a beach with a surfboard.
I332|Fire hydrant 4.jpg|a blue and white fire hydrant sitting on the side of a road.
I493|Miserable face 2.jpg|a man wearing a hat and a hat.
I636|Plane crash 1.jpg|a man standing on a beach holding a surfboard.
I52|Bark 4.jpg|a black bird perched on top of a tree branch.
I657|Rafting 5.jpg|a group of people riding on top of mountains.
I498|Miserable pose 5.jpg|a man sitting on a couch holding a nintendo wii controller.
I85|Bored face 1.jpg|a man in a suit and tie is smiling.
I771|Snake 5.jpg|a close up of a dog laying on a rock.
I616|Penguins 2.jpg|a black and white bird standing on a sandy beach.
I293|Excited face 2.jpg|a woman is brushing her hair with a driveway sunlight.
I72|Biking 1.jpg|a man riding a dirt bike on top of a dirt road.
I413|Gun 3.jpg|a close up of a person on a motorcycle.
I420|Gun 10.jpg|a close up of a motorcycle on a table.
I670|Rocks 3.jpg|a bunch of different types of doughnuts on display.
I193|Crow 1.jpg|a black and white bird sitting on a wooden fence.
I817|Surgery 2.jpg|a group of people sitting at a table with laptops.
I333|Fireman 1.jpg|a man in a hat and sunglasses holding a baseball bat.
I321|Fire 4.jpg|a red fire hydrant sitting in the middle of a forest.
I486|Massage 1.jpg|a woman laying on a bed with a blanket.
I65|Beach 7.jpg|a man sitting on a beach with a surfboard.
I747|Sidewalk 4.jpg|a train traveling down tracks next to a river.
I630|Pigeon 5.jpg|a bird is standing on a rock near the water.
I835|Thunderstorm 11.jpg|a boat floating on top of a body of water.
I680|Roofing 3.jpg|a close up of a bird on a tree branch.
I104|Camping 1.jpg|a group of people sitting on top of a sandy beach.
I511|Mother 7.jpg|a young boy wearing a hat and holding a teddy bear.
I436|House 1.jpg|a brick building with a window and a window.
I167|Cockroach 2.jpg|a black and white dog sitting on top of a wooden bench.
I466|Lake 12.jpg|a large body of water with a mountain in the background.
I259|Dog 9.jpg|a dog that is laying down on the ground.
I82|Bloody knife 1.jpg|a close up of a pair of scissors on a table.
I59|Beach 1.jpg|a beach with chairs and umbrellas on the beach.
I402|Grass 4.jpg|a red and white fire hydrant in the middle of a field.
I339|Fireworks 6.jpg|a bunch of flowers that are in a vase.
I357|Food 4.jpg|a plate of food on a table with a bottle of wine and a glass of wine . (p=0.000003).
I634|Pinecone 3.jpg|a tree with a bunch of green leaves on it.
I278|Dog 28.jpg|a dog laying on a bed with a stuffed animal.
I75|Bird 2.jpg|a frisbe swimming in the water with a fish in it 's mouth.
I855|Tumor 1.jpg|a woman holding a pair of scissors in her hands.
I885|Wedding 12.jpg|a group of people sitting around a table eating food.
I428|Happy pose 1.jpg|a man flying through the air while riding a snowboard.
I25|Animal carcass 4.jpg|a brown and white dog standing on top of a lush green field.
I500|Monkey 1.jpg|a close up of a dog wearing a hat.
I74|Bird 1.jpg|two people are walking on the beach with mountains.
I118|Car accident 3.jpg|a bunch of lamp that are in a garden.
I562|Nude man 22.jpg|a man in a white shirt and black tie playing a video game.
I248|Doctor 7.jpg|a man sitting on a bed with a laptop.
I254|Dog 4.jpg|a white dog with a frisbee in its mouth.
I301|Exercise 3.jpg|a group of people riding on top of a boat.
I308|Father 1.jpg|a baby laying on a bed with a teddy bear.
I871|War 8.jpg|a black and white photo of a boat in the water.
I538|Nude couple 12.jpg|a woman sitting on a bench in front of a window.
I718|School 3.jpg|a group of people sitting around a table with food.
I320|Fire 3.jpg|a truck driving down a road next to a forest.
I609|Parasailing 1.jpg|a man digging over a large body of water.
I770|Snake 4.jpg|a close up of a dog wearing a hat.
I184|Couple 2.jpg|a group of people standing around a wooden table.
I464|Lake 10.jpg|a bench sitting on a beach next to a body of water.
I707|Satellite 1.jpg|a plane is flying in the air with a sky background.
I518|Neonazi 1.jpg|a man in a suit and tie standing in front of a stop sign.
I159|Chipmunk 2.jpg|a lifted eating a piece of food in a bowl.
I778|Soccer 1.jpg|a soccer ball is in the air with a soccer ball in it.
I148|Cemetery 3.jpg|a couple of baseball parrot sitting on top of a wooden bench.
I462|Lake 8.jpg|a train traveling over a bridge over a river.
I846|Toilet 3.jpg|a bathroom with a toilet , sink , and bathtub.
I435|Horse racing 1.jpg|a man riding on the back of a brown horse.
I279|Dog 29.jpg|a small white dog sitting on top of a grass covered field.
I522|Neutral face 4.jpg|a young girl wearing a red shirt and a tie.
I37|Baby 6.jpg|a baby laying on a bed with a teddy bear.
I50|Bark 2.jpg|a bird perched on top of a tree branch.
I814|Sunset 5.jpg|a large body of water with a large body of water in the background.
I100|Building 2.jpg|a building with a clock on the top of it.
I70|Bed 1.jpg|a bed with a white nicely and pillows on top of it.
I443|Jail 2.jpg|a room with a large window and a large window.
I17|Angry face 3.jpg|a man in a suit and tie holding a cell phone to his ear.
I490|Memorial 2.jpg|a wooden bench sitting in the middle of a lush green field.
I655|Rafting 3.jpg|a group of people riding on top of mountains.
I529|Nude couple 3.jpg|a woman sitting on a bench talking on a cell phone.
I658|Rafting 6.jpg|a group of people riding on top of a small boat.
I13|Ambulance 2.jpg|a white truck parked in a tall lot.
I375|Galaxy 5.jpg|a large white bird flying over a body of water.
I79|Birthday 1.jpg|a birthday cake with candles on it sitting on a table.
I246|Doctor 5.jpg|a man sitting on a bed next to a pile of luggage.
I550|Nude man 11.jpg|a man is holding a cell phone to his ear.
I474|Lightning 1.jpg|a view of a city skyline with a cloudy sky.
I411|Gun 1.jpg|a pair of scissors sitting on top of a wooden table.
I136|Cat 7.jpg|a black and white cat is sitting on the ground.
I852|Tornado 5.jpg|a person is flying a kite on the beach.
I196|Cups 2.jpg|a cup of wood sitting on top of a table.
I96|Bridge 1.jpg|a train traveling over a bridge over a river.
I845|Toilet 2.jpg|two uniforms in a public restroom with graffiti on the walls.
I49|Bark 1.jpg|a bird sitting on top of a tree branch.
I417|Gun 7.jpg|a close up of an air plane with a sky background.
I215|Depressed pose 3.jpg|a woman sitting on the floor with a cell phone.
I561|Nude man 21.jpg|a man in a white shirt and tie standing next to a statue of a bear.
I851|Tornado 4.jpg|a plane flying in the sky over some trees.
I364|Frustrated pose 3.jpg|a man in a suit and tie holding a cell phone.
I127|Cardboard 1.jpg|a close up of a pair of scissors on a table.
I566|Nude woman 3.jpg|a woman laying on a bed with a teddy bear.
I703|Sad pose 7.jpg|a black and white photo of a woman sitting on a bench.
I757|Skydiving 3.jpg|a group of people flying kites over a snow covered mountain.
I2|Acorns 2.jpg|a bunch of different types of doughnuts on a table.
I451|KKK rally 1.jpg|a group of people standing next to each other on a snow covered field.
I568|Nude woman 5.jpg|a young boy wearing a hat and a tie.
I746|Sidewalk 3.jpg|a bird is sitting on a brick wall.
I604|Parachuting 1.jpg|a person is flying a kite in the sky.
I3|Acorns 3.jpg|a pile of carrots sitting on top of a cutting board.
I306|Explosion 5.jpg|a black and white photo of people on a beach.
I734|Shark 9.jpg|a large white bird standing on top of a wooden structure.
I764|Sleepy pose 3.jpg|a man sitting on a couch using a laptop computer.
I44|Bar 1.jpg|a display case filled with lots of bottles of wine.
I897|Yoga 3.jpg|a man standing on a beach holding a white frisbee.
I536|Nude couple 10.jpg|a woman sitting on the ground with a cell phone.
I775|Snow 3.jpg|a black and white photo of a polar bear swimming in the water.
I736|Shark 11.jpg|a close up of a bird on a beach near a body of water.
I660|Rainbow 1.jpg|a view of a body of water with a boat in the background.
I766|Smiling face 1.jpg|a woman sitting at a table with a baby.
I752|Skijump 2.jpg|a group of people standing on top of a snow covered slope.
I73|Billiards 1.jpg|a close up of a bowl of `` on a table.
I285|Drink 1.jpg|a glass of wine sitting on top of a table.
I55|Barrels 1.jpg|a bunch of veggies that are hanging on a wall.
I238|Dirt 3.jpg|a stirring banana sitting on top of a grass covered field.
I860|Wall 2.jpg|a black and white photo of a black and white photo of a man 's tie.
I663|Road 1.jpg|a man riding a motorcycle down a street.
I51|Bark 3.jpg|a close up of a bird on a tree branch.
I799|Stingray 3.jpg|a close up of a person holding a pair of scissors.
I858|Volcano 3.jpg|a black and white photo of a horse grazing in a field.
I109|Camping 7.jpg|a group of people on a small boat in the water.
I369|Frustrated pose 8.jpg|a man holding a toothbrush in his mouth.
I843|Toast 1.jpg|a man sitting at a table with a glass of wine in front of him.
I471|Lake 17.jpg|a group of people sitting on top of a beach next to the ocean.
I853|Torture chamber 1.jpg|a room filled with lots of wooden furniture.
I12|Ambulance 1.jpg|a black and white photo of a man sitting on a motorcycle.
I587|Office supplies 2.jpg|a pair of scissors sitting on top of a piece of paper.
I496|Miserable pose 3.jpg|a woman laying on a bed with a teddy bear.
I441|Intensity 1.jpg|a woman wearing a blue shirt and a black tie.
I188|Couple 6.jpg|a man and a woman posing for a picture.
I844|Toilet 1.jpg|a bathroom with a urinal and a urinal.
I280|Dog 30.jpg|a dog is laying on the floor with a toy.
I696|Sad face 9.jpg|a young boy wearing a blue shirt and a tie.
I361|Frisbee 1.jpg|a group of young women playing a game of soccer.
I99|Building 1.jpg|a large clock mounted to the side of a building.
I156|Child labor 4.jpg|a black and white photo of a man standing next to a train.
I776|Snow 4.jpg|a large white bird standing on top of a lush green field.
I4|Alcohol 1.jpg|a glass of wine sitting on top of a wooden table.
I576|Nude woman 13.jpg|a woman in a red dress holding a pink umbrella.
I811|Sunset 2.jpg|a plane flying over a large body of water.
I519|Neutral face 1.jpg|a woman wearing a hat and sunglasses sitting on a bench.
I857|Volcano 2.jpg|a large white and black boat in a body of water.
I484|Lion 4.jpg|a brown dog laying on top of a sandy beach.
I170|Coffee 1.jpg|a cup of wood and a doughnut on a table.
I577|Nude woman 14.jpg|a woman laying on top of a bed next to a white wall.
I54|Bark 6.jpg|a black bird perched on top of a tree branch.
I234|Dirt 1.jpg|an image of a bird flying in the air.
I556|Nude man 17.jpg|a man laying on a bed in a bedroom.
I552|Nude man 13.jpg|a man in a blue shirt and tie standing in front of a wall.
I589|Office supplies 4.jpg|a bunch of different colored toothbrushes sitting on a counter.
I728|Shark 3.jpg|a black and white bird standing on a boat.
I582|Nude woman 19.jpg|a woman in a dress and a tie.
I90|Bored pose 5.jpg|a woman sitting on a bed holding a laptop.
I269|Dog 19.jpg|a brown dog with a red hugging sitting on a couch.
I177|Cold 7.jpg|a red fire hydrant sitting in the middle of a forest.
I242|Doctor 1.jpg|a woman in a white shirt is holding a cellphone.
I365|Frustrated pose 4.jpg|a man in a suit and tie holding a microphone.
I192|Crosswalk 1.jpg|a black and white photo of an airport uses.
I459|Lake 5.jpg|a large body of water with a mountain in the background.
I322|Fire 5.jpg|a fire hydrant sitting in the middle of a forest.
I758|Skydiving 4.jpg|a group of people standing on top of a snow covered slope.
I796|Statue 2.jpg|a close up of a statue of a classroom bear.
I272|Dog 22.jpg|a dog laying on the ground with a toy.
I883|Wedding 10.jpg|a woman is brushing her teeth with a toothbrush.
I475|Lightning 2.jpg|a flock of birds flying through a cloudy sky.
I565|Nude woman 2.jpg|a woman sitting on a bed holding a bottle.
I644|Police 5.jpg|a group of men riding on the back of horses.
I815|Sunset 6.jpg|a view of a beach with a large body of water in the background.
I767|Snake 1.jpg|a black and white dog laying on top of a pile of hay.
I185|Couple 3.jpg|a woman sitting on a bench in front of a fountain.
I129|Cardboard 3.jpg|a white toilet sitting in a bathroom next to a wall.
I867|War 4.jpg|a group of people riding skis on top of a snow covered slope.
I864|War 1.jpg|a man holding a cell phone up to his ear.
I795|Statue 1.jpg|a statue of a man sitting on top of a wooden bench.
I874|Wedding 1.jpg|a man wearing a suit and tie with a sort on his face.
I252|Dog 2.jpg|a dog laying on the ground next to a frisbee.
I790|Soldiers 9.jpg|a man standing next to a horse in a field.
I28|Archery 1.jpg|a man holding a baseball bat in his hands.
I95|Bricks 1.jpg|a large black bear standing next to a stone wall.
I781|Solar panel 1.jpg|a row of uniforms in a public restroom.
I483|Lion 3.jpg|a close up of a brown and white cow.
I684|Rubber duck 1.jpg|a red and white fire hydrant sitting on the side of a road.
I371|Galaxy 1.jpg|a close up of an orange and a white background.
I386|Garbage dump 8.jpg|a pile of carrots sitting on top of a wooden table.
I879|Wedding 6.jpg|a man and a woman sitting on a boat in the water.
I881|Wedding 8.jpg|a couple of women standing next to a cake.
I573|Nude woman 10.jpg|a woman laying on top of a bed with a white blanket.
I239|Dirt 4.jpg|a blue and yellow fire hydrant sitting in the middle of a field.
I505|Mother 1.jpg|a man riding a surfboard on top of a wave.
I201|Dancing 3.jpg|a group of people riding on the industrial of elephants.
I137|Cat 8.jpg|a black and white cat sitting on top of a wooden table.
I480|Lightning 7.jpg|a group of airplanes flying through a cloudy sky.
I600|Paperclips 1.jpg|a pair of scissors sitting on top of a table.
I276|Dog 26.jpg|a large brown bear laying on top of a rock.
I251|Dog 1.jpg|a dog is standing in the snow with a frisbee.
I711|Scared face 3.jpg|a man with a toothbrush in his mouth.
I751|Skijump 1.jpg|a group of people riding skis down a snow covered slope.
I488|Meerkat 1.jpg|a dog laying on the ground next to a posted.
I299|Exercise 1.jpg|a man is sitting on the grass with a frisbee.
I563|Nude man 23.jpg|a man in a white shirt and black tie.
I685|Rugby 1.jpg|a group of young men playing a game of soccer.
I243|Doctor 2.jpg|a man in a military uniform cutting a cake.
I60|Beach 2.jpg|a large body of water with a boat in the distance.
I229|Destruction 6.jpg|a group of people standing next to each other on a dirt field.
I336|Fireworks 3.jpg|a parking building with a clock on the top of it.
I882|Wedding 9.jpg|a man cutting a piece of cake with a knife.
I327|Fire 10.jpg|a flock of birds sitting on top of a tree.
I313|Fence 3.jpg|a baseball player is getting ready to hit a ball.
I114|Car 1.jpg|a red car is parked in a tall lot.
I258|Dog 8.jpg|a group of black and white dogs standing next to each other.
I651|Pumpkin 1.jpg|a bunch of `` sitting on top of a table.
I847|Toilet 4.jpg|a white toilet sitting in a bathroom next to a window.
I187|Couple 5.jpg|a cereal that is sitting on a banana.
I688|Sad face 1.jpg|a young boy wearing a tie and a shirt.
I481|Lion 1.jpg|a close up of a dog laying on a couch.
I274|Dog 24.jpg|a brown and white dog standing on top of a sandy beach.
I39|Baby 8.jpg|a baby laying on a bed with a stuffed animal.
I551|Nude man 12.jpg|a man in a suit is holding a frisbee.
I705|Sailing 2.jpg|a man riding a lace on top of a body of water.
I126|Car race 4.jpg|a group of people standing on the side of the road.
I230|Destruction 7.jpg|a group of giraffe standing next to each other on a field.
I645|Pollution 1.jpg|a train traveling down train tracks next to a forest.
I207|Dancing 9.jpg|a group of people standing next to each other holding umbrellas.
I145|Celebration 2.jpg|a man and a woman flying a kite on a beach.
I832|Thunderstorm 8.jpg|a plane flying in the sky over a city.
I256|Dog 6.jpg|a small dog sitting in a bowl on a table.
I527|Nude couple 1.jpg|a man in a black shirt and a black tie.
I268|Dog 18.jpg|a dog laying on a couch next to a stuffed animal.
I653|Rafting 1.jpg|a group of people riding on top of a boat.
I139|Cat 10.jpg|a cat that is sitting on a wooden bench.
I47|Barbeque 1.jpg|a man cutting a piece of cake with a knife.
I598|Paper 4.jpg|a pair of scissors sitting on top of a piece of paper.
I861|Wall 3.jpg|a close up of a pair of scissors on a table.
I421|Hallway 1.jpg|a black and white photo of a room with a fireplace.
I523|Neutral face 5.jpg|a woman in a dress shirt and a tie.
I338|Fireworks 5.jpg|a close up of a green plant with a green background.
I257|Dog 7.jpg|a dog laying on the ground next to a posted.
I211|Depressed face 1.jpg|a woman wearing a tie and a vest.
I724|Seal 1.jpg|a couple of brown bears standing next to each other.
I261|Dog 11.jpg|a dog with a frisbee in its mouth standing in a field.
I379|Garbage dump 1.jpg|a group of motorcycles parked on the side of a road.
I154|Child labor 2.jpg|a black and white photo of a group of people in a curve.
I138|Cat 9.jpg|a cat wearing a tie and a vest.
I469|Lake 15.jpg|a boat in the middle of a silver with surfboards in the background.
I800|Storage 1.jpg|a group of people standing around a luggage calico.
I794|Spider 2.jpg|a couple of birds standing on top of a dirt field.
I678|Roofing 1.jpg|a bunch of different colored base on display.
I709|Scared face 1.jpg|a man in a white shirt brushing his teeth.
I83|Bloody knife 2.jpg|a person holding a pair of scissors in their hands.
I808|Sun 1.jpg|a close up of a person holding an open umbrella.
I344|Flowers 1.jpg|a bunch of flowers that are in a glass vase.
I806|Street 4.jpg|a car driving down a road next to a forest.
I213|Depressed pose 1.jpg|a man is holding a banana in his hands.
I619|Phone 1.jpg|a close up of a clock on a table.
I448|Keyboard 2.jpg|a close up of a keyboard and a mouse on a desk.
I849|Tornado 2.jpg|a fire hydrant in the middle of a room.
I716|School 1.jpg|a group of people sitting around a table with food.
I595|Paper 1.jpg|a close up of a pair of shoes on a bed.
I508|Mother 4.jpg|a young boy wearing a tie and a shirt.
I432|Heart 2.jpg|a baseball bat on a field with a fence behind it.
I43|Band 2.jpg|a man in a suit and tie holding a microphone.
I689|Sad face 2.jpg|a young boy wearing a hat and a hat.
I476|Lightning 3.jpg|a group of people on a beach flying a kite.
I383|Garbage dump 5.jpg|a laptop computer sitting on top of a wooden table.
I419|Gun 9.jpg|a close up of a black and lake motorcycle.
I578|Nude woman 15.jpg|a man in a white shirt and tie is holding a toothbrush.
I316|Fence 6.jpg|a pair of scissors sitting on top of a wooden bench.
I277|Dog 27.jpg|a black and white dog sitting on top of a wooden bench.
I492|Miserable face 1.jpg|a man wearing a hat and a hat.
I88|Bored pose 3.jpg|a woman sitting on a couch holding a cell phone.
I700|Sad pose 4.jpg|a woman is sitting on a bed with a laptop.
I720|School 5.jpg|a black and white photo of a man talking on a cell phone.
I622|Picnic 3.jpg|a group of people sitting around a wooden table.
I842|Timber 4.jpg|a close up of a bunch of carrots on a table.
I750|Skier 1.jpg|a person jumping a snow board in the air.
I247|Doctor 6.jpg|a man in a suit and tie holding a cell phone.
I887|Windmill 1.jpg|a kite flying in the sky with a sky background.
I290|Eating 3.jpg|a man holding a banana up to his face.
I869|War 6.jpg|a close up of a person holding a motorcycle.
I450|Keys 1.jpg|a pile of luggage sitting on top of a wooden floor.
I296|Excited face 5.jpg|a woman and a young girl standing next to each other.
I785|Soldiers 4.jpg|a group of people standing next to each other.
I250|Doctor 9.jpg|a man cutting a cake with a debris.
I326|Fire 9.jpg|a fire hydrant sitting in the middle of a forest.
I570|Nude woman 7.jpg|a woman holding a nintendo wii game controller.
I403|Grass 5.jpg|a yellow and black bird is standing in the grass.
I235|Destruction 2.jpg|a group of people walking down a street next to parking pole.
I198|Cups 4.jpg|a glass display case filled with lots of bottles of wine.
I422|Hang gliding 1.jpg|a person holding an umbrella on a beach.
I873|Weapon 1.jpg|a large partially in a body of water.
I273|Dog 23.jpg|a dog sitting on a bench in front of a fence.
I405|Grass 7.jpg|a yellow and black bird is standing in the grass.
I473|Lava 1.jpg|a person riding a surf board on a body of water.
I264|Dog 14.jpg|a dog with a frisbee in its mouth standing in a field.
I356|Food 3.jpg|a pile of `` sitting on top of a wooden table.
I244|Doctor 3.jpg|a woman is holding a cell phone to her ear.
I769|Snake 3.jpg|a bird is standing in a grassy field.
I862|Wall 4.jpg|a person holding a surf board in a body of water.
I667|Rock climbing 4.jpg|a man standing on top of a wooden bench.
I141|Cat 12.jpg|a cat laying on top of a couch next to a window.
I231|Destruction 8.jpg|a bunch of boats that are sitting in the water.
I735|Shark 10.jpg|a close up of a bird on a table.
I11|Alcohol 8.jpg|a glass of wine sitting on top of a wooden table.
I749|Sidewalk 6.jpg|a bunch of stirring carrots sitting on top of a wooden table.
I186|Couple 4.jpg|a couple of people that are standing on a beach.
I866|War 3.jpg|a man in a military uniform standing in front of a motorcycle.
I779|Soccer 2.jpg|a soccer ball is in the air with a ball in it.
I22|Animal carcass 1.jpg|a couple of birds standing on top of a grass covered field.
I548|Nude man 9.jpg|a man in a suit and tie standing in front of a mirror.
I807|Street 5.jpg|a city street filled with lots of traffic next to parking pole.
I791|Soldiers 10.jpg|a man in a leg 's hat cutting a piece of bread.
I870|War 7.jpg|a blue and white train engine and some people.
I212|Depressed face 2.jpg|a man in a suit and tie standing in front of a window.
I541|Nude man 1.jpg|a man wearing a hat and a tie.
I621|Picnic 2.jpg|a little girl eating a hot dog on a bun.
I134|Cat 5.jpg|a cat laying on top of a blanket on a bed.
I303|Explosion 2.jpg|a close up of a bird on a tree branch.
I827|Thunderstorm 3.jpg|a group of planes flying in jeans in a blue sky.
I394|Gazing 6.jpg|a man in a hat and tie holding a cell phone.
I605|Parachuting 2.jpg|a man flying through the air while riding a lace.
I833|Thunderstorm 9.jpg|a kite flying in the sky over a city.
I765|Sleepy pose 4.jpg|a man is preparing food in a kitchen.
I214|Depressed pose 2.jpg|a man holding a baseball bat in front of a fence.
I5|Alcohol 2.jpg|a display case filled with lots of bottles of wine.
I38|Baby 7.jpg|a baby is laying down with a toothbrush in its mouth.
I889|Wolf 2.jpg|a brown and white dog laying on top of a grass covered field.
I284|Dog attack 3.jpg|a man is playing frisbee with a dog.
I271|Dog 21.jpg|a dog that is standing in the grass with a frisbee.
I802|Storage 3.jpg|a row of wooden chairs sitting next to each other.
I648|Present 2.jpg|a pair of red scissors sitting on top of a table.
I627|Pigeon 2.jpg|a close up of a bird on a dirt ground.
I112|Camping 10.jpg|a red and white boat sitting on top of a sandy beach.
I366|Frustrated pose 5.jpg|a man is taking a picture of himself brushing his teeth.
I122|Car crash 3.jpg|a car parked on the side of a road next to a fire hydrant.
I884|Wedding 11.jpg|a vase filled with flowers sitting on top of a wooden table.
I437|Injury 1.jpg|a person is holding a pair of scissors.
I425|Hangover 1.jpg|a person holding a knife in front of a laptop.
I106|Camping 3.jpg|a group of people sitting around a table with food.
I226|Destruction 1.jpg|a large clock tower towering over a city at night.
I117|Car accident 2.jpg|a blue motorcycle parked in a tall lot.
I262|Dog 12.jpg|a black and white dog sitting on top of a couch.
I69|Bear 3.jpg|a polar bear standing on a rock in the snow.
I579|Nude woman 16.jpg|a woman sitting on a bed with a blue umbrella.
I446|Jail 5.jpg|a train traveling through a lush green forest.
I404|Grass 6.jpg|a large field with a field of grass and trees in the background.
I40|Baby 9.jpg|a small child is holding a toothbrush in his mouth.
I324|Fire 7.jpg|a dog is sitting in the back of a wheel up truck.
I760|Skyscraper 1.jpg|a parking clock tower with a sky background.
I431|Heart 1.jpg|a brown teddy bear sitting on top of a wooden table.
I103|Bungee jumping 3.jpg|a man flying through the air while riding a snowboard.
I810|Sunset 1.jpg|a view of a bite over a snowy landscape.
I602|Paperclips 3.jpg|a close up of a pair of scissors on a table.
I225|Dessert 8.jpg|a little boy holding a banana in his hand.
I456|Lake 2.jpg|a boat in the middle of a body of water.
I501|Monkey 2.jpg|a large black bear laying on top of a rock.
I108|Camping 6.jpg|a man standing in a kitchen preparing food.
I865|War 2.jpg|a group of people sitting on top of a dirt field.
I283|Dog attack 2.jpg|a man is holding a dog and a frisbee.
I179|Collaboration 1.jpg|a man holding a nintendo wii game controller.
I487|Massage 2.jpg|a woman and a child sitting on a bed.
I812|Sunset 3.jpg|a large body of water with a mountain in the background.
I635|Pinecone 4.jpg|a close up of a bird on a tree branch.
I468|Lake 14.jpg|a large body of water with a mountain in the background.
I768|Snake 2.jpg|a close up of a bunch of different animals.
I267|Dog 17.jpg|a black and white dog laying on top of a grass covered field.
I353|Flowers 10.jpg|a woman holding a pink umbrella in her hands.
I520|Neutral face 2.jpg|a man in a suit and tie is smiling.
I823|Swimming 1.jpg|a man riding a wave on top of a surfboard.
I116|Car accident 1.jpg|a car is parked in front of a tall meter.
I455|Lake 1.jpg|a group of people riding on top of a river.
I36|Baby 5.jpg|a baby laying on top of a bed with a blanket.
I304|Explosion 3.jpg|a military plane is parked on the runway.
I195|Cups 1.jpg|a cup of wood sitting on top of a table.
I470|Lake 16.jpg|a view of a river with a bridge in the distance.
I208|Dead bodies 1.jpg|a group of people laying on a bed in a room.
I763|Sleepy pose 2.jpg|a man sitting in a chair with a laptop.
I777|Snow 5.jpg|a bird standing on top of a lush green field.
I412|Gun 2.jpg|a man standing in a field holding a baseball bat.
I632|Pinecone 1.jpg|a close up of a bunch of green bananas.
I535|Nude couple 9.jpg|a black and white photo of a woman sitting on a bench.
I524|Neutral pose 1.jpg|a man in a suit and tie standing in front of a body of water.
I613|Party 1.jpg|a woman holding a glass of wine in front of her.
I719|School 4.jpg|a group of people standing next to each other in front of a building.
I899|Yoga 5.jpg|a parking clock tower with a sky background.
I182|Cotton swabs 3.jpg|a white bowl filled with lots of different types of food.
I416|Gun 6.jpg|a flock of birds flying through a blue sky.
I596|Paper 2.jpg|a laptop computer sitting on top of a wooden table.
I14|Ambulance 3.jpg|a red truck is parked on the side of the street.
I666|Rock climbing 3.jpg|a man in a wet suit riding a surfboard on a wave.
I729|Shark 4.jpg|a close up of a black and white dog in a mirror.
I792|Soup 1.jpg|a cup of wood sitting on top of a table.
I189|Couple 7.jpg|a man in a black shirt is playing a video game.
I836|Tickling 1.jpg|a man holding a nintendo wii game controller.
I704|Sailing 1.jpg|a woman in a really riding a surfboard in the water.
I370|Funeral 1.jpg|a man standing on top of a lush green field.
I19|Angry face 5.jpg|a man with a design and a tie is smiling.
I612|Parasailing 4.jpg|a person is flying a kite in the sky.
I787|Soldiers 6.jpg|a group of baseball players standing next to each other.
I9|Alcohol 6.jpg|a bunch of bottles of wine sitting on top of a counter.
I347|Flowers 4.jpg|a bunch of flowers in a vase on a table.
I748|Sidewalk 5.jpg|a bunch of different colored veggies hanging from a wall.
I690|Sad face 3.jpg|a close up of a person wearing a shirt and tie.
I397|Goat 2.jpg|two sheep standing next to each other in a field.
I340|Fireworks 7.jpg|a view of a city street with a traffic light.
I712|Scared face 4.jpg|a man in a white shirt is brushing his teeth.
I206|Dancing 8.jpg|a group of people standing next to each other in a room.
I702|Sad pose 6.jpg|a woman in a blue shirt and a black hat is talking on a cell phone.
I754|Sky 1.jpg|a large building with a clock tower in the middle of it.
I330|Fire hydrant 2.jpg|a red and white fire hydrant sitting on the side of a road.
I210|Dead bodies 3.jpg|a man laying on the ground next to a dog.
I236|Destruction 3.jpg|a rusted out fire hydrant sitting in the middle of a forest.
I362|Frustrated pose 1.jpg|a woman in a white dress holding a pair of scissors.
I878|Wedding 5.jpg|a woman holding a pair of scissors in her hands.
I342|Flood 2.jpg|a boat that is sitting in the water.
I162|Clean 1.jpg|a table topped with lots of different types of food.
I97|Bubble 1.jpg|a vase filled with flowers on top of a window persons.
I140|Cat 11.jpg|a cat laying on top of a wooden table.
I537|Nude couple 11.jpg|a woman laying in a bed with a blanket.
I683|Rooster 1.jpg|a group of chickens standing next to each other.
I298|Excited face 7.jpg|a man wearing a hat and a tie.
I623|Picnic 4.jpg|a group of people sitting on top of a grass covered field.
I63|Beach 5.jpg|a group of wine glasses sitting on top of a table.
I543|Nude man 4.jpg|a group of men standing next to each other holding mountains.
I839|Timber 1.jpg|a bunch of birds that are standing in the grass.
I349|Flowers 6.jpg|a close up of a plate of food with vegetables.
I850|Tornado 3.jpg|a view of a river and a bridge over a body of water.
I110|Camping 8.jpg|a group of people standing on top of a sandy beach.
I831|Thunderstorm 7.jpg|a plane flying over a large mountain item.
I160|Chipmunk 3.jpg|a brown bear sitting on top of a rock.
I111|Camping 9.jpg|a man sitting on a bed with a blue umbrella.
I559|Nude man 20.jpg|a group of people standing on top of a sandy beach.
I856|Volcano 1.jpg|a black and white photo of a horse grazing in a field.
I150|Cemetery 5.jpg|a woman standing next to a red and white fire hydrant.
I506|Mother 2.jpg|a little girl is holding a pink and white toothbrush.
I784|Soldiers 3.jpg|a group of men standing next to each other on a field.
I898|Yoga 4.jpg|a man standing on a beach holding a surfboard.
I81|Birthday 3.jpg|a table topped with plates and bowls of food.
I64|Beach 6.jpg|a couple of birds sitting on top of a wooden makes.
I200|Dancing 2.jpg|a woman holding a tennis racket in her hands.
I893|Yarn 3.jpg|a close up of a pair of scissors on a table.
I722|School 7.jpg|a group of people standing around a table with a cake.
I654|Rafting 2.jpg|a group of people on mountains in the water.
I793|Spider 1.jpg|a small bird perched on top of a tree branch.
I599|Paper 5.jpg|a close up of a person holding a cell phone.
I216|Depressed pose 4.jpg|a man is sitting on a couch with a cell phone.
I512|Mother 8.jpg|a little girl holding a pink teddy bear.
I415|Gun 5.jpg|a close up of a pair of scissors on a table.
I665|Rock climbing 2.jpg|a man on a surfboard riding a wave.
I190|Couple 8.jpg|a man in a hat and sunglasses is holding a banana.
I161|City 1.jpg|a city street filled with lots of parking pole.
I489|Memorial 1.jpg|a row of park benches sitting on top of a grass covered field.
I329|Fire hydrant 1.jpg|a red fire hydrant sitting on the side of a road.
I585|Nude woman 22.jpg|a woman sitting on a bed holding a cell phone.
I567|Nude woman 4.jpg|a woman laying on top of a bed with a blanket.
I53|Bark 5.jpg|a bird perched on top of a tree branch.
I130|Cat 1.jpg|a black and white cat is looking at the camera.
I62|Beach 4.jpg|a woman sitting on the beach with a surfboard.
I824|Swingset 1.jpg|a close up of a bird on a wooden bench.
I169|Cockroach 4.jpg|a black and white dog sitting on top of a boat.
I617|Performance 1.jpg|a large display case filled with lots of different cakes.
I377|Galaxy 7.jpg|a black and white photo of a person on a snowboard.
I697|Sad pose 1.jpg|a little girl sitting at a table using a laptop computer.
I89|Bored pose 4.jpg|a man sitting on a couch holding a cell phone.
I740|Shot 3.jpg|a person holding a pair of scissors in their hands.
I805|Street 3.jpg|a truck driving down a road next to a lush green field.
I671|Rocks 4.jpg|a pile of stirring carrots sitting on top of a pile of dirt.
I485|Lion 5.jpg|a couple of animals that are standing in the grass.
I396|Goat 1.jpg|a white sheep standing on top of a grass covered field.
I392|Gazing 4.jpg|a man standing on a beach holding a surfboard.
I21|Angry pose 2.jpg|a man is holding a toothbrush in his mouth.
I149|Cemetery 4.jpg|a group of people standing in a field next to a wooden fence.
I101|Bungee jumping 1.jpg|a man riding a skateboard up the side of a ramp.
I98|Bubble 2.jpg|a close up of a blue and white vase with a flower in it.
I494|Miserable pose 1.jpg|a man in a black shirt and tie is holding a cell phone.
I41|Baby 10.jpg|a little girl sitting on a bench with a teddy bear.
I181|Cotton swabs 2.jpg|a pair of scissors sitting on top of a table.
I319|Fire 2.jpg|a wooden bench sitting in the middle of a forest.
I423|Hang gliding 2.jpg|a man is flying a kite in a field.
I16|Angry face 2.jpg|a woman in a white shirt and a black tie.
I133|Cat 4.jpg|a cat laying on top of a wooden table.
I646|Power lines 1.jpg|a view of a snowy mountain item with a large building in the background.
I341|Flood 1.jpg|a wooden bench sitting on top of a sandy beach.
I135|Cat 6.jpg|a black and white cat wearing a tie.
I381|Garbage dump 3.jpg|a bunch of lamp that are sitting on the ground.
I828|Thunderstorm 4.jpg|a man riding a wave on top of a surfboard.
I176|Cold 6.jpg|a man riding skis down a snow covered slope.
I345|Flowers 2.jpg|a bouquet of flowers in a vase on a table.
I172|Cold 2.jpg|a wooden bench sitting in the middle of a snow covered field.
I531|Nude couple 5.jpg|a man and a woman laying on a bed.
I608|Parade 1.jpg|a group of people standing next to each other.
I86|Bored pose 1.jpg|a man standing in front of a bathroom mirror.
I205|Dancing 7.jpg|a group of young children playing a game of frisbee.
I241|Dock 1.jpg|a group of boats sitting on top of a sandy beach.
I163|Cliff diver 1.jpg|a person flying a kite on the beach.
I175|Cold 5.jpg|a yellow fire hydrant in the middle of a forest.
I544|Nude man 5.jpg|a group of men standing next to each other holding mountains.
I157|Children 1.jpg|a woman and a child are standing on the beach.
I620|Picnic 1.jpg|a group of people sitting on a park bench.
I472|Lamb 1.jpg|a sheep standing on a lush green field.
I569|Nude woman 6.jpg|a woman brushing her teeth with a tooth brush.
I393|Gazing 5.jpg|a man flying a kite in a cloudy sky.
I726|Shark 1.jpg|a large white bird standing on top of a rock.
I302|Explosion 1.jpg|a small airplane sitting on top of a runway.
I27|Animal carcass 6.jpg|a zebra laying on the ground next to a zebra.
I255|Dog 5.jpg|a brown and white dog castle on a toy.
I84|Boat 1.jpg|a boat sitting on top of a body of water.
I859|Wall 1.jpg|a white toilet sitting next to a white wall.
I35|Baby 4.jpg|a person laying on a bed with a stuffed animal.
I46|Bar 3.jpg|several bottles of wine sitting on top of a counter.
I668|Rocks 1.jpg|a bunch of carrots are laying on the ground.
I287|Dummy 1.jpg|a close up of a plate of food on a table.
I388|Gargoyle 2.jpg|a statue of a dog sitting on top of a wooden bench.
I674|Rocks 7.jpg|a close up of a bunch of different colored tooth brushes.
I607|Parachuting 4.jpg|a man on a snowboard in the snow.
I102|Bungee jumping 2.jpg|a man flying through the air while riding a skateboard.
I588|Office supplies 3.jpg|a bunch of bananas hanging from a tree.
I305|Explosion 4.jpg|a black and white photo of a black and white background.
I372|Galaxy 2.jpg|a person is in the air on a snowboard.
I809|Sunflower 1.jpg|a close up of a vase with flowers in it.
I789|Soldiers 8.jpg|a man sitting on top of a snow covered slope.
I131|Cat 2.jpg|a close up of a cat laying on a couch.
I513|Mother 9.jpg|a little girl laying in a bed with a teddy bear.
I203|Dancing 5.jpg|a man in a suit and tie holding a woman.
I564|Nude woman 1.jpg|a man in a white shirt is brushing his teeth.
I642|Police 3.jpg|a group of people riding motorcycles down a street.
I66|Beach 8.jpg|a couple of boats sitting on top of a sandy beach.
I503|Monkey 4.jpg|a brown horse standing next to a wooden fence.
I575|Nude woman 12.jpg|a woman laying on a bed in a room.
I318|Fire 1.jpg|a man standing in front of a mirror holding a cell phone.
I307|Explosion 6.jpg|a fire hydrant in the middle of a snowy area.
I675|Rollercoaster 1.jpg|a group of people on a boat in the water.
I530|Nude couple 4.jpg|a woman in a red shirt is looking at her cellphone.
I479|Lightning 6.jpg|a flock of birds flying through a cloudy sky.
I872|Waterfall 1.jpg|a person riding a surf board on a body of water.
I594|Paintbrush 1.jpg|a pair of scissors sitting on top of a piece of paper.
I761|Skyscraper 2.jpg|a view of a city street with a large building in the background.
I499|Money 1.jpg|a bunch of different colored base sitting on top of a table.
I762|Sleepy pose 1.jpg|a baby laying on a bed with a blanket.
I614|Path 1.jpg|a red fire hydrant sitting in the middle of a forest.
I395|Gazing 7.jpg|a man sitting on a bench looking at the water.
I650|Prison 2.jpg|a group of birds sitting on top of a metal buildings.
I783|Soldiers 2.jpg|a group of people standing next to each other in front of a building.
I433|Heart 3.jpg|a fire hydrant sitting in the middle of a forest.
I281|Dog 31.jpg|a large brown bear sitting on top of a wooden fence.
I20|Angry pose 1.jpg|a man in a suit and tie holding a cell phone.
I92|Bottle 1.jpg|a close up of a tooth brush with tooth paste on it.
I699|Sad pose 3.jpg|a man sitting on a couch holding a cell phone.
I560|Nude man 3.jpg|a woman sitting on a bench in front of a window.
I132|Cat 3.jpg|a black and white cat laying on top of a bed.
I526|Neutral pose 3.jpg|a group of people walking down a sidewalk.
I34|Baby 3.jpg|a baby laying on a bed holding a teddy bear.
I292|Excited face 1.jpg|a man and a woman are playing a video game together.
I29|Archery 2.jpg|a man holding a tennis racquet on a tennis court.
I354|Food 1.jpg|a white bowl filled with pasta and broccoli.
I45|Bar 2.jpg|a room filled with lots of different types of furniture.
I534|Nude couple 8.jpg|a couple of people that are sitting on a bed.
I253|Dog 3.jpg|a dog that is standing in the grass with a frisbee.
I180|Cotton swabs 1.jpg|a close up of a baseball glove with a baseball glove.
I507|Mother 3.jpg|a woman is laying in a bed with a bottle of water.
I542|Nude man 2.jpg|a man sitting on a bench looking at the ocean.
I124|Car race 2.jpg|a group of cars that are parked in a lot.
I382|Garbage dump 4.jpg|a pile of luggage sitting on the side of a road.
I7|Alcohol 4.jpg|a group of wine glasses sitting on top of a table.
I875|Wedding 2.jpg|a rear and holder cutting their wedding cake.
I331|Fire hydrant 3.jpg|a red fire hydrant sitting in the middle of a field.
I460|Lake 6.jpg|a suitcase sitting on the ground in front of a house.
I291|Elephant 1.jpg|two elephants standing next to each other in a field.
I606|Parachuting 3.jpg|a man flying through the air while riding a snowboard.
I774|Snow 2.jpg|a person on a surfboard in the water.
I444|Jail 3.jpg|a man sitting on a chair in a room.
I591|Opossum 1.jpg|a cat laying on top of a grass covered ground.
I637|Plane crash 2.jpg|a small boat sitting on top of a sandy beach.
I701|Sad pose 5.jpg|a woman sitting on a beach holding a surfboard.
I408|Graveyard 3.jpg|a group of people standing on top of a sandy beach.
I376|Galaxy 6.jpg|a view of a plane flying through the air.
I603|Paperclips 4.jpg|a close up of a pair of scissors on a table.
I780|Socks 1.jpg|a pair of black shoes sitting on top of a bed.
I334|Fireworks 1.jpg|a vase filled with flowers sitting on top of a table.
I615|Penguins 1.jpg|a group of people riding skis on top of a snow covered slope.
I626|Pigeon 1.jpg|a black and white bird standing on top of a grass covered field.
I641|Police 2.jpg|a group of people riding skis on top of a snow covered slope.
I895|Yoga 1.jpg|a woman in a blue shirt is playing frisbee.
I727|Shark 2.jpg|a close up of a black and white bird on a rock.
I93|Boxing 1.jpg|a man wearing a helmet and holding a baseball bat.
I841|Timber 3.jpg|a pile of apples sitting on top of each other.
I708|Scared cat 1.jpg|a brown and white dog laying on top of a grass covered field.
I58|BDSM 3.jpg|a group of people sitting on a bench in a park.
I78|Bird 5.jpg|a close up of a person holding a bird.
I237|Dirt 2.jpg|a train traveling through a lush green countryside.
I227|Destruction 4.jpg|a flock of birds sitting on top of a sandy beach.
I661|Rainbow 2.jpg|a view of a street light from a tree.
I71|Bee 1.jpg|a close up of a dog wearing a tie.
I590|Office supplies 5.jpg|a computer mouse and keyboard sitting on a desk.
I282|Dog attack 1.jpg|a man holding a dog with a frisbee in his mouth.
I223|Dessert 6.jpg|a white vase filled with flowers on top of a table.
I819|Surgery 4.jpg|a group of people standing around a table with a cake.
I374|Galaxy 4.jpg|a white teddy bear sitting on top of a white toilet.
I611|Parasailing 3.jpg|a person is flying a kite in the air.
I121|Car crash 2.jpg|a motorcycle is parked on the side of the road.
I497|Miserable pose 4.jpg|a woman is sitting on a bed in a room.
I691|Sad face 4.jpg|a man wearing a tie and a shirt.
I664|Rock climbing 1.jpg|a man riding a skateboard down the side of a road.
I742|Shot 5.jpg|a pair of scissors sitting on top of a wooden table.
I510|Mother 6.jpg|a couple of kids that are sitting on a couch.
I633|Pinecone 2.jpg|a close up of a vase with a flower in it.
I367|Frustrated pose 6.jpg|a woman holding a cell phone to her ear.
I733|Shark 8.jpg|a small dog is standing on a surfboard.
I165|Cliff diver 3.jpg|a man riding a wave on top of a surfboard.
I105|Camping 2.jpg|a group of children sitting at a table eating food.
I801|Storage 2.jpg|a pile of luggage sitting on top of a wooden floor.
I681|Roofing 4.jpg|a couple of birds standing next to each other.
I877|Wedding 4.jpg|a wedding cake with a rear and holder on top.
I495|Miserable pose 2.jpg|a woman is holding a cell phone to her ear.
I297|Excited face 6.jpg|a woman sitting at a table with a cell phone.
I209|Dead bodies 2.jpg|a black and white photo of a person sitting on a bench.
I682|Roofing 5.jpg|a close up of a bird on a building.
I438|Injury 2.jpg|a close up of a person holding a hot dog.
I445|Jail 4.jpg|a black and white photo of a man in a mirror.
I151|Cheerleader 1.jpg|a woman in a pink dress holding a flower.
I673|Rocks 6.jpg|a close up of a pair of scissors on a wooden surface.
I410|Guitar 1.jpg|a man sitting on top of a bench in a park.
I863|Wall 5.jpg|a black and white photo of a person holding a baseball bat.
I120|Car crash 1.jpg|a car is parked on the side of the road.
I804|Street 2.jpg|a car driving down a road with a mountain in the background.
I8|Alcohol 5.jpg|a glass of wine sitting on top of a wooden table.
I743|Siblings 1.jpg|a little girl sitting on a bed holding a teddy bear.
I24|Animal carcass 3.jpg|a group of animals that are standing in the grass.
I76|Bird 3.jpg|a group of log are swimming in the water.
I772|Snake 6.jpg|a black and white dog laying on top of a bed.
I152|Cheerleader 2.jpg|a woman holding a glass of wine in her hand.
I467|Lake 13.jpg|a boat in the middle of a silver with surfboards in the background.
I80|Birthday 2.jpg|a little girl sitting at a table in front of a cake.
I900|Zebra 1.jpg|a group of zebra standing next to each other on a field.
I659|Railroad 1.jpg|a black and white photo of a train on a train track.
I440|Injury 4.jpg|a person holding a knife over a sandwich.
I525|Neutral pose 2.jpg|a man riding a snowboard down a snow covered slope.
I892|Yarn 2.jpg|a close up of a person holding a pair of scissors.
I515|Musician 1.jpg|a man standing in front of a microphone holding a microphone.
I168|Cockroach 3.jpg|a large brown dog laying on top of a rock.
I593|Ornament 1.jpg|a colorful kite with a colorful beard on it.
I427|Happy face 2.jpg|a man in a suit and tie holding a beer.
I738|Shot 1.jpg|a person holding a pair of scissors in their hands.
I610|Parasailing 2.jpg|a man flying through the air while riding a lace.
I23|Animal carcass 2.jpg|a bird that is standing on a rock.
I454|Knife 2.jpg|a fire hydrant is covered in vines and vines.
I300|Exercise 2.jpg|a group of men standing next to each other holding tennis lounging.
I629|Pigeon 4.jpg|a bird is perched on a wooden post.
I30|Astronaut 1.jpg|a man riding a snowboard down a snow covered slope.
I389|Gazing 1.jpg|a man holding a cell phone up to his ear.
I146|Cemetery 1.jpg|a couple of people standing next to each other on a bridge.
I888|Wolf 1.jpg|a polar bear standing on a rock in the snow.
I115|Car 2.jpg|an old truck is parked on the side of the road.
I571|Nude woman 8.jpg|a baby laying on a bed with a blanket.
I10|Alcohol 7.jpg|a bunch of bottles of wine sitting on a counter.
I409|Graveyard 4.jpg|a group of farm animals standing in a field.
I580|Nude woman 17.jpg|a woman sitting on a bed in a room.
I125|Car race 3.jpg|a large truck driving down a highway with lots of traffic.
I547|Nude man 8.jpg|a man standing on a beach holding a surfboard.
I502|Monkey 3.jpg|a monkey sitting thoughtful.
