id,image_title,caption,valence_mean
I109,Camping 7.jpg,a group of people on a small boat in the water.,5.2156862745098005
I56,BDSM 1.jpg,a group of people standing next to each other.,4.33333333333333
I61,Beach 3.jpg,a person on a beach with a surfboard.,5.51485148514851
I400,Grass 2.jpg,a bird is standing in the grass near a tree.,4.94117647058824
I180,Cotton swabs 1.jpg,a close up of a baseball glove with a baseball glove.,4.09803921568627
I121,Car crash 2.jpg,a motorcycle is parked on the side of the road.,1.99009900990099
I76,Bird 3.jpg,a group of log are swimming in the water.,6.03703703703704
I84,Boat 1.jpg,a boat sitting on top of a body of water.,4.574074074074071
I90,Bored pose 5.jpg,a woman sitting on a bed holding a laptop.,3.8019801980197996
I96,Bridge 1.jpg,a train traveling over a bridge over a river.,5.891089108910889
I132,Cat 3.jpg,a black and white cat laying on top of a bed.,6.0
I95,Bricks 1.jpg,a large black bear standing next to a stone wall.,4.15686274509804
I113,Candle 1.jpg,a table topped with a cake and a candle.,5.04901960784314
I97,Bubble 1.jpg,a vase filled with flowers on top of a window persons.,4.79207920792079
I143,Cat 14.jpg,a cat that is laying down on a bed.,5.705882352941179
I112,Camping 10.jpg,a red and white boat sitting on top of a sandy beach.,4.94117647058824
I156,Child labor 4.jpg,a black and white photo of a man standing next to a train.,4.01851851851852
I117,Car accident 2.jpg,a blue motorcycle parked in a tall lot.,1.97222222222222
I160,Chipmunk 3.jpg,a brown bear sitting on top of a rock.,5.52941176470588
I111,Camping 9.jpg,a man sitting on a bed with a blue umbrella.,3.9901960784313704
I133,Cat 4.jpg,a cat laying on top of a wooden table.,5.84313725490196
I149,Cemetery 4.jpg,a group of people standing in a field next to a wooden fence.,2.7941176470588194
I128,Cardboard 2.jpg,a wooden bench sitting on top of a sandy beach.,4.0092592592592595
I98,Bubble 2.jpg,a close up of a blue and white vase with a flower in it.,5.0
I87,Bored pose 2.jpg,a man in a suit and tie holding a cell phone to his ear.,3.1862745098039196
I31,Astronaut 2.jpg,a baseball player holding a bat on top of a field.,5.13725490196078
I24,Animal carcass 3.jpg,a group of animals that are standing in the grass.,2.75
I60,Beach 2.jpg,a large body of water with a boat in the distance.,6.32352941176471
I127,Cardboard 1.jpg,a close up of a pair of scissors on a table.,4.01851851851852
I120,Car crash 1.jpg,a car is parked on the side of the road.,1.8529411764705903
I129,Cardboard 3.jpg,a white toilet sitting in a bathroom next to a wall.,3.74509803921569
I57,BDSM 2.jpg,a group of people standing next to each other.,3.93069306930693
I36,Baby 5.jpg,a baby laying on top of a bed with a blanket.,6.138888888888889
I136,Cat 7.jpg,a black and white cat is sitting on the ground.,3.32352941176471
I22,Animal carcass 1.jpg,a couple of birds standing on top of a grass covered field.,2.72222222222222
I42,Band 1.jpg,a group of people standing next to each other on a dirt field.,4.87128712871287
I27,Animal carcass 6.jpg,a zebra laying on the ground next to a zebra.,2.3981481481481497
I59,Beach 1.jpg,a beach with chairs and umbrellas on the beach.,6.36633663366337
I161,City 1.jpg,a city street filled with lots of parking pole.,4.4356435643564405
I74,Bird 1.jpg,two people are walking on the beach with mountains.,5.90740740740741
I78,Bird 5.jpg,a close up of a person holding a bird.,4.47058823529412
I41,Baby 10.jpg,a little girl sitting on a bench with a teddy bear.,5.42156862745098
I30,Astronaut 1.jpg,a man riding a snowboard down a snow covered slope.,5.71296296296296
I67,Bear 1.jpg,a black bear laying on top of a rock.,5.148148148148151
I45,Bar 2.jpg,a room filled with lots of different types of furniture.,4.7524752475247505
I53,Bark 5.jpg,a bird perched on top of a tree branch.,4.1980198019802
I126,Car race 4.jpg,a group of people standing on the side of the road.,4.14705882352941
I26,Animal carcass 5.jpg,a brown cow standing on top of a grass covered field.,1.61764705882353
I68,Bear 2.jpg,a large brown bear standing on top of a rock.,4.41666666666667
I51,Bark 3.jpg,a close up of a bird on a tree branch.,4.627450980392161
I29,Archery 2.jpg,a man holding a tennis racquet on a tennis court.,4.81372549019608
I25,Animal carcass 4.jpg,a brown and white dog standing on top of a lush green field.,3.7941176470588194
I16,Angry face 2.jpg,a woman in a white shirt and a black tie.,3.07843137254902
I38,Baby 7.jpg,a baby is laying down with a toothbrush in its mouth.,2.9705882352941204
I63,Beach 5.jpg,a group of wine glasses sitting on top of a table.,5.59259259259259
I82,Bloody knife 1.jpg,a close up of a pair of scissors on a table.,1.8431372549019598
I54,Bark 6.jpg,a black bird perched on top of a tree branch.,4.257425742574259
I55,Barrels 1.jpg,a bunch of veggies that are hanging on a wall.,4.20792079207921
I73,Billiards 1.jpg,a close up of a bowl of `` on a table.,4.5196078431372495
I52,Bark 4.jpg,a black bird perched on top of a tree branch.,4.2376237623762405
I646,Power lines 1.jpg,a view of a snowy mountain item with a large building in the background.,3.9705882352941204
I75,Bird 2.jpg,a frisbe swimming in the water with a fish in it 's mouth.,5.475247524752481
I188,Couple 6.jpg,a man and a woman posing for a picture.,5.607843137254901
I310,Feces 2.jpg,a black and white photo of a bunch of bananas.,2.0098039215686296
I264,Dog 14.jpg,a dog with a frisbee in its mouth standing in a field.,5.891089108910889
I256,Dog 6.jpg,a small dog sitting in a bowl on a table.,6.49019607843137
I328,Fire 11.jpg,a grabbing street with a red fire hydrant in the middle of the road.,1.7549019607843102
I323,Fire 6.jpg,a black and white photo of a fire hydrant.,2.22772277227723
I273,Dog 23.jpg,a dog sitting on a bench in front of a fence.,2.67647058823529
I297,Excited face 6.jpg,a woman sitting at a table with a cell phone.,5.731481481481481
I279,Dog 29.jpg,a small white dog sitting on top of a grass covered field.,5.36274509803922
I208,Dead bodies 1.jpg,a group of people laying on a bed in a room.,1.1980198019802
I284,Dog attack 3.jpg,a man is playing frisbee with a dog.,2.64705882352941
I257,Dog 7.jpg,a dog laying on the ground next to a posted.,5.65686274509804
I217,Desert 1.jpg,a group of people standing on top of a lush green field.,4.0
I182,Cotton swabs 3.jpg,a white bowl filled with lots of different types of food.,4.127450980392161
I173,Cold 3.jpg,a close up of a bird on a tree branch.,4.88235294117647
I193,Crow 1.jpg,a black and white bird sitting on a wooden fence.,4.70588235294118
I274,Dog 24.jpg,a brown and white dog standing on top of a sandy beach.,1.8921568627451
I250,Doctor 9.jpg,a man cutting a cake with a debris.,3.67647058823529
I292,Excited face 1.jpg,a man and a woman are playing a video game together.,5.57425742574257
I275,Dog 25.jpg,a large brown dog laying on top of a wooden bench.,3.4537037037037
I190,Couple 8.jpg,a man in a hat and sunglasses is holding a banana.,5.7592592592592595
I290,Eating 3.jpg,a man holding a banana up to his face.,5.148148148148151
I270,Dog 20.jpg,a dog is running in the grass with a frisbee.,5.9009900990099
I258,Dog 8.jpg,a group of black and white dogs standing next to each other.,5.431372549019611
I322,Fire 5.jpg,a fire hydrant sitting in the middle of a forest.,1.7352941176470602
I192,Crosswalk 1.jpg,a black and white photo of an airport uses.,3.96296296296296
I239,Dirt 4.jpg,a blue and yellow fire hydrant sitting in the middle of a field.,4.0
I243,Doctor 2.jpg,a man in a military uniform cutting a cake.,4.05555555555556
I262,Dog 12.jpg,a black and white dog sitting on top of a couch.,6.28712871287129
I309,Feces 1.jpg,a pile of rocks sitting next to each other.,2.13725490196078
I210,Dead bodies 3.jpg,a man laying on the ground next to a dog.,1.3235294117647098
I272,Dog 22.jpg,a dog laying on the ground with a toy.,5.09803921568627
I225,Dessert 8.jpg,a little boy holding a banana in his hand.,5.768518518518519
I168,Cockroach 3.jpg,a large brown dog laying on top of a rock.,2.45098039215686
I223,Dessert 6.jpg,a white vase filled with flowers on top of a table.,5.588235294117651
I321,Fire 4.jpg,a red fire hydrant sitting in the middle of a forest.,4.32352941176471
I319,Fire 2.jpg,a wooden bench sitting in the middle of a forest.,1.96296296296296
I197,Cups 3.jpg,a couple of things that are next to each other.,4.72549019607843
I220,Dessert 3.jpg,a piece of chocolate cake on a plate with a fork.,5.63366336633663
I205,Dancing 7.jpg,a group of young children playing a game of frisbee.,5.87037037037037
I291,Elephant 1.jpg,two elephants standing next to each other in a field.,5.86274509803922
I324,Fire 7.jpg,a dog is sitting in the back of a wheel up truck.,1.7425742574257401
I288,Eating 1.jpg,a little girl sitting at a table with a plate of food.,5.683168316831679
I313,Fence 3.jpg,a baseball player is getting ready to hit a ball.,3.8529411764705896
I194,Crow 2.jpg,a black bird perched on top of a tree branch.,4.40740740740741
I251,Dog 1.jpg,a dog is standing in the snow with a frisbee.,5.13861386138614
I198,Cups 4.jpg,a glass display case filled with lots of bottles of wine.,4.13888888888889
I221,Dessert 4.jpg,a white plate topped with a sandwich and a bowl of fruit.,5.388888888888889
I254,Dog 4.jpg,a white dog with a frisbee in its mouth.,6.203703703703701
I261,Dog 11.jpg,a dog with a frisbee in its mouth standing in a field.,5.65740740740741
I320,Fire 3.jpg,a truck driving down a road next to a forest.,2.05555555555556
I303,Explosion 2.jpg,a close up of a bird on a tree branch.,2.3762376237623797
I286,Drink 2.jpg,a glass of wine sitting on a table next to a glass of wine.,4.36274509803922
I196,Cups 2.jpg,a cup of wood sitting on top of a table.,4.1485148514851495
I165,Cliff diver 3.jpg,a man riding a wave on top of a surfboard.,5.12037037037037
I260,Dog 10.jpg,a dog is running through the grass with a frisbee in its mouth.,5.64705882352941
I227,Destruction 4.jpg,a flock of birds sitting on top of a sandy beach.,1.8425925925925901
I238,Dirt 3.jpg,a stirring banana sitting on top of a grass covered field.,4.13861386138614
I287,Dummy 1.jpg,a close up of a plate of food on a table.,1.1574074074074099
I185,Couple 3.jpg,a woman sitting on a bench in front of a fountain.,4.0092592592592595
I174,Cold 4.jpg,a brown teddy bear sitting on top of a wooden table.,5.06862745098039
I283,Dog attack 2.jpg,a man is holding a dog and a frisbee.,3.4257425742574306
I383,Garbage dump 5.jpg,a laptop computer sitting on top of a wooden table.,2.13725490196078
I371,Galaxy 1.jpg,a close up of an orange and a white background.,5.59803921568627
I599,Paper 5.jpg,a close up of a person holding a cell phone.,4.36274509803922
I375,Galaxy 5.jpg,a large white bird flying over a body of water.,5.613861386138611
I416,Gun 6.jpg,a flock of birds flying through a blue sky.,2.8415841584158397
I418,Gun 8.jpg,a man holding a baseball bat in his hands.,3.07920792079208
I334,Fireworks 1.jpg,a vase filled with flowers sitting on top of a table.,6.15740740740741
I432,Heart 2.jpg,a baseball bat on a field with a fence behind it.,4.925925925925929
I410,Guitar 1.jpg,a man sitting on top of a bench in a park.,5.52777777777778
I377,Galaxy 7.jpg,a black and white photo of a person on a snowboard.,6.0648148148148096
I386,Garbage dump 8.jpg,a pile of carrots sitting on top of a wooden table.,2.05882352941176
I390,Gazing 2.jpg,a man standing on a beach holding a surfboard.,5.107843137254901
I332,Fire hydrant 4.jpg,a blue and white fire hydrant sitting on the side of a road.,4.4351851851851904
I346,Flowers 3.jpg,a bunch of flowers that are in a vase.,5.79207920792079
I347,Flowers 4.jpg,a bunch of flowers in a vase on a table.,5.7029702970297
I350,Flowers 7.jpg,a bunch of flowers that are sitting on a table.,5.683168316831679
I445,Jail 4.jpg,a black and white photo of a man in a mirror.,2.1111111111111103
I406,Graveyard 1.jpg,a row of tall meters sitting in the middle of a forest.,3.2037037037037
I349,Flowers 6.jpg,a close up of a plate of food with vegetables.,5.94444444444444
I452,KKK rally 2.jpg,a group of people riding on the back of a boat.,1.2549019607843102
I335,Fireworks 2.jpg,a view of a city street at night.,6.274509803921571
I439,Injury 3.jpg,a man holding a cell phone up to his ear.,1.97058823529412
I433,Heart 3.jpg,a fire hydrant sitting in the middle of a forest.,4.745098039215691
I336,Fireworks 3.jpg,a parking building with a clock on the top of it.,6.088235294117651
I471,Lake 17.jpg,a group of people sitting on top of a beach next to the ocean.,5.588235294117651
I488,Meerkat 1.jpg,a dog laying on the ground next to a posted.,4.953703703703701
I370,Funeral 1.jpg,a man standing on top of a lush green field.,2.92156862745098
I363,Frustrated pose 2.jpg,a man is taking a picture of himself brushing his teeth.,2.63725490196078
I458,Lake 4.jpg,a person sitting on a bench tied the ocean.,5.78703703703704
I407,Graveyard 2.jpg,a row of wooden park benches sitting next to each other.,3.27722772277228
I343,Flood 3.jpg,a group of people riding on top of a river.,2.29411764705882
I478,Lightning 5.jpg,a flock of birds flying through a cloudy sky.,4.41176470588235
I353,Flowers 10.jpg,a woman holding a pink umbrella in her hands.,5.2592592592592595
I351,Flowers 8.jpg,a bunch of flowers that are sitting on a table.,5.911764705882349
I352,Flowers 9.jpg,a bunch of flowers that are sitting on a table.,5.891089108910889
I414,Gun 4.jpg,a pair of skis sitting on top of a snow covered slope.,2.86274509803922
I348,Flowers 5.jpg,a vase filled with lots of flowers on top of a table.,5.63366336633663
I480,Lightning 7.jpg,a group of airplanes flying through a cloudy sky.,4.4356435643564405
I338,Fireworks 5.jpg,a close up of a green plant with a green background.,5.803921568627451
I340,Fireworks 7.jpg,a view of a city street with a traffic light.,5.7524752475247505
I425,Hangover 1.jpg,a person holding a knife in front of a laptop.,2.4158415841584198
I475,Lightning 2.jpg,a flock of birds flying through a cloudy sky.,4.257425742574259
I459,Lake 5.jpg,a large body of water with a mountain in the background.,5.9504950495049505
I454,Knife 2.jpg,a fire hydrant is covered in vines and vines.,3.34313725490196
I403,Grass 5.jpg,a yellow and black bird is standing in the grass.,4.94117647058824
I473,Lava 1.jpg,a person riding a surf board on a body of water.,4.05555555555556
I378,Galaxy 8.jpg,a large body of water with a bird perched on top of it.,5.5196078431372495
I482,Lion 2.jpg,a brown and white dog sitting on top of a wooden fence.,3.65686274509804
I481,Lion 1.jpg,a close up of a dog laying on a couch.,5.01980198019802
I330,Fire hydrant 2.jpg,a red and white fire hydrant sitting on the side of a road.,4.2222222222222205
I455,Lake 1.jpg,a group of people riding on top of a river.,6.25490196078431
I443,Jail 2.jpg,a room with a large window and a large window.,2.01980198019802
I448,Keyboard 2.jpg,a close up of a keyboard and a mouse on a desk.,4.10891089108911
I356,Food 3.jpg,a pile of `` sitting on top of a wooden table.,5.303921568627451
I442,Jail 1.jpg,a train station with a train on the tracks.,2.22549019607843
I449,Keyboard 3.jpg,a computer keyboard sitting on top of a wooden desk.,4.33333333333333
I389,Gazing 1.jpg,a man holding a cell phone up to his ear.,4.86274509803922
I358,Food 5.jpg,a bunch of different types of fruit on display.,5.47058823529412
I399,Grass 1.jpg,a black and white photo of a yellow frisbee in the grass.,4.96296296296296
I361,Frisbee 1.jpg,a group of young women playing a game of soccer.,5.588235294117651
I331,Fire hydrant 3.jpg,a red fire hydrant sitting in the middle of a field.,4.24509803921569
I382,Garbage dump 4.jpg,a pile of luggage sitting on the side of a road.,1.63888888888889
I477,Lightning 4.jpg,a flock of birds flying over a lush green field.,4.46078431372549
I460,Lake 6.jpg,a suitcase sitting on the ground in front of a house.,4.4803921568627505
I502,Monkey 3.jpg,a monkey sitting thoughtful.,3.6203703703703702
I543,Nude man 4.jpg,a group of men standing next to each other holding mountains.,4.58823529411765
I550,Nude man 11.jpg,a man is holding a cell phone to his ear.,3.17647058823529
I619,Phone 1.jpg,a close up of a clock on a table.,4.50980392156863
I562,Nude man 22.jpg,a man in a white shirt and black tie playing a video game.,4.803921568627451
I620,Picnic 1.jpg,a group of people sitting on a park bench.,6.0594059405940595
I610,Parasailing 2.jpg,a man flying through the air while riding a lace.,5.12871287128713
I631,Pigeon 6.jpg,a flock of birds sitting on top of a wooden bench.,2.32407407407407
I605,Parachuting 2.jpg,a man flying through the air while riding a lace.,5.431372549019611
I576,Nude woman 13.jpg,a woman in a red dress holding a pink umbrella.,5.296296296296299
I624,Pig 1.jpg,a black and white cow standing on top of a grass covered field.,4.53921568627451
I598,Paper 4.jpg,a pair of scissors sitting on top of a piece of paper.,4.08910891089109
I507,Mother 3.jpg,a woman is laying in a bed with a bottle of water.,5.08910891089109
I600,Paperclips 1.jpg,a pair of scissors sitting on top of a table.,3.9901960784313704
I582,Nude woman 19.jpg,a woman in a dress and a tie.,4.91176470588235
I590,Office supplies 5.jpg,a computer mouse and keyboard sitting on a desk.,4.05555555555556
I515,Musician 1.jpg,a man standing in front of a microphone holding a microphone.,5.40740740740741
I510,Mother 6.jpg,a couple of kids that are sitting on a couch.,6.07843137254902
I611,Parasailing 3.jpg,a person is flying a kite in the air.,5.13861386138614
I500,Monkey 1.jpg,a close up of a dog wearing a hat.,4.87128712871287
I603,Paperclips 4.jpg,a close up of a pair of scissors on a table.,4.069306930693069
I591,Opossum 1.jpg,a cat laying on top of a grass covered ground.,3.2843137254902
I494,Miserable pose 1.jpg,a man in a black shirt and tie is holding a cell phone.,2.5588235294117596
I558,Nude man 19.jpg,a man is holding a frisbee in his hand.,4.768518518518519
I548,Nude man 9.jpg,a man in a suit and tie standing in front of a mirror.,3.3981481481481497
I516,Nature 1.jpg,a herd of sheep standing on top of a lush green hillside.,6.11881188118812
I584,Nude woman 21.jpg,a woman sitting on a couch holding a wii controller.,4.76470588235294
I537,Nude couple 11.jpg,a woman laying in a bed with a blanket.,4.64705882352941
I627,Pigeon 2.jpg,a close up of a bird on a dirt ground.,4.53921568627451
I553,Nude man 14.jpg,a group of men standing next to each other in front of a wall.,4.34259259259259
I641,Police 2.jpg,a group of people riding skis on top of a snow covered slope.,2.38888888888889
I490,Memorial 2.jpg,a wooden bench sitting in the middle of a lush green field.,2.96039603960396
I643,Police 4.jpg,a group of men standing next to each other.,3.2843137254902
I529,Nude couple 3.jpg,a woman sitting on a bench talking on a cell phone.,5.450980392156861
I592,Orangutan 1.jpg,a close up of a small bird in a field.,4.94117647058824
I493,Miserable face 2.jpg,a man wearing a hat and a hat.,2.58823529411765
I521,Neutral face 3.jpg,a man in a suit and tie standing in a field.,4.5049504950495
I544,Nude man 5.jpg,a group of men standing next to each other holding mountains.,4.71287128712871
I587,Office supplies 2.jpg,a pair of scissors sitting on top of a piece of paper.,4.08910891089109
I635,Pinecone 4.jpg,a close up of a bird on a tree branch.,4.54901960784314
I503,Monkey 4.jpg,a brown horse standing next to a wooden fence.,2.86111111111111
I491,Memorial 3.jpg,a park bench in the middle of a park.,3.05555555555556
I520,Neutral face 2.jpg,a man in a suit and tie is smiling.,4.675925925925929
I634,Pinecone 3.jpg,a tree with a bunch of green leaves on it.,5.203703703703701
I542,Nude man 2.jpg,a man sitting on a bench looking at the ocean.,4.44117647058824
I633,Pinecone 2.jpg,a close up of a vase with a flower in it.,4.421568627450981
I573,Nude woman 10.jpg,a woman laying on top of a bed with a white blanket.,5.046296296296299
I597,Paper 3.jpg,a close up of a pair of scissors on a table.,4.23529411764706
I618,Performance 2.jpg,a group of people standing around a large building.,4.703703703703701
I589,Office supplies 4.jpg,a bunch of different colored toothbrushes sitting on a counter.,4.27722772277228
I596,Paper 2.jpg,a laptop computer sitting on top of a wooden table.,4.08910891089109
I586,Office supplies 1.jpg,a close up of a pair of scissors on a table.,4.03703703703704
I630,Pigeon 5.jpg,a bird is standing on a rock near the water.,4.52777777777778
I593,Ornament 1.jpg,a colorful kite with a colorful beard on it.,5.245098039215691
I575,Nude woman 12.jpg,a woman laying on a bed in a room.,5.20792079207921
I508,Mother 4.jpg,a young boy wearing a tie and a shirt.,6.049019607843139
I642,Police 3.jpg,a group of people riding motorcycles down a street.,4.28703703703704
I541,Nude man 1.jpg,a man wearing a hat and a tie.,4.38235294117647
I531,Nude couple 5.jpg,a man and a woman laying on a bed.,5.6851851851851904
I607,Parachuting 4.jpg,a man on a snowboard in the snow.,4.803921568627451
I594,Paintbrush 1.jpg,a pair of scissors sitting on top of a piece of paper.,4.06481481481481
I661,Rainbow 2.jpg,a view of a street light from a tree.,6.25742574257426
I545,Nude man 6.jpg,a couple of men standing next to each other on a beach.,4.0
I698,Sad pose 2.jpg,a woman is laying on a bed with her arms service.,3.59803921568627
I781,Solar panel 1.jpg,a row of uniforms in a public restroom.,5.00980392156863
I786,Soldiers 5.jpg,a group of people sitting around a table eating food.,4.9405940594059405
I649,Prison 1.jpg,a row of boats sitting on the side of a river.,4.02941176470588
I800,Storage 1.jpg,a group of people standing around a luggage calico.,4.0196078431372495
I759,Skydiving 5.jpg,a group of people standing on top of a sandy beach.,4.892156862745099
I747,Sidewalk 4.jpg,a train traveling down tracks next to a river.,5.46078431372549
I802,Storage 3.jpg,a row of wooden chairs sitting next to each other.,3.7058823529411806
I685,Rugby 1.jpg,a group of young men playing a game of soccer.,4.2222222222222205
I716,School 1.jpg,a group of people sitting around a table with food.,5.14705882352941
I721,School 6.jpg,a group of people sitting around a table with a cake on it.,5.607843137254901
I771,Snake 5.jpg,a close up of a dog laying on a rock.,2.9009900990099
I774,Snow 2.jpg,a person on a surfboard in the water.,4.54901960784314
I670,Rocks 3.jpg,a bunch of different types of doughnuts on display.,4.31372549019608
I681,Roofing 4.jpg,a couple of birds standing next to each other.,3.56862745098039
I680,Roofing 3.jpg,a close up of a bird on a tree branch.,3.92592592592593
I719,School 4.jpg,a group of people standing next to each other in front of a building.,4.5648148148148096
I656,Rafting 4.jpg,a group of people riding on top of a boat.,5.58333333333333
I665,Rock climbing 2.jpg,a man on a surfboard riding a wave.,4.67647058823529
I754,Sky 1.jpg,a large building with a clock tower in the middle of it.,4.64705882352941
I653,Rafting 1.jpg,a group of people riding on top of a boat.,4.58333333333333
I784,Soldiers 3.jpg,a group of men standing next to each other on a field.,4.38613861386139
I695,Sad face 8.jpg,a young boy brushing his teeth with a tooth brush.,2.6296296296296298
I723,School 8.jpg,a group of people sitting around a wooden table.,5.28712871287129
I776,Snow 4.jpg,a large white bird standing on top of a lush green field.,3.44444444444444
I652,Raccoon 1.jpg,a cat sitting on top of a wooden bench.,3.6039603960396005
I726,Shark 1.jpg,a large white bird standing on top of a rock.,3.7592592592592595
I693,Sad face 6.jpg,a woman in a red dress is holding a blue umbrella.,3.6435643564356397
I799,Stingray 3.jpg,a close up of a person holding a pair of scissors.,4.53465346534653
I728,Shark 3.jpg,a black and white bird standing on a boat.,3.81188118811881
I760,Skyscraper 1.jpg,a parking clock tower with a sky background.,4.12962962962963
I788,Soldiers 7.jpg,a man in a suit and tie is holding a cell phone.,2.61386138613861
I729,Shark 4.jpg,a close up of a black and white dog in a mirror.,3.07920792079208
I772,Snake 6.jpg,a black and white dog laying on top of a bed.,3.10891089108911
I735,Shark 10.jpg,a close up of a bird on a table.,3.2376237623762405
I682,Roofing 5.jpg,a close up of a bird on a building.,4.0495049504950495
I744,Sidewalk 1.jpg,a clock on the side of a brick building.,4.31372549019608
I724,Seal 1.jpg,a couple of brown bears standing next to each other.,4.63725490196078
I736,Shark 11.jpg,a close up of a bird on a beach near a body of water.,3.71287128712871
I769,Snake 3.jpg,a bird is standing in a grassy field.,2.91176470588235
I793,Spider 1.jpg,a small bird perched on top of a tree branch.,3.06862745098039
I689,Sad face 2.jpg,a young boy wearing a hat and a hat.,3.04950495049505
I664,Rock climbing 1.jpg,a man riding a skateboard down the side of a road.,4.53921568627451
I666,Rock climbing 3.jpg,a man in a wet suit riding a surfboard on a wave.,4.54901960784314
I741,Shot 4.jpg,a pair of scissors sitting on top of a table.,2.54901960784314
I720,School 5.jpg,a black and white photo of a man talking on a cell phone.,4.53921568627451
I651,Pumpkin 1.jpg,a bunch of `` sitting on top of a table.,4.85294117647059
I678,Roofing 1.jpg,a bunch of different colored base on display.,4.01980198019802
I674,Rocks 7.jpg,a close up of a bunch of different colored tooth brushes.,4.31372549019608
I650,Prison 2.jpg,a group of birds sitting on top of a metal buildings.,2.6203703703703702
I778,Soccer 1.jpg,a soccer ball is in the air with a soccer ball in it.,4.36274509803922
I755,Skydiving 1.jpg,a flock of birds flying over a body of water.,5.231481481481481
I708,Scared cat 1.jpg,a brown and white dog laying on top of a grass covered field.,4.607843137254901
I767,Snake 1.jpg,a black and white dog laying on top of a pile of hay.,3.0
I746,Sidewalk 3.jpg,a bird is sitting on a brick wall.,4.2970297029703
I779,Soccer 2.jpg,a soccer ball is in the air with a ball in it.,4.59405940594059
I797,Stingray 1.jpg,a close up of a bird on a beach near water.,4.54455445544554
I768,Snake 2.jpg,a close up of a bunch of different animals.,3.07843137254902
I675,Rollercoaster 1.jpg,a group of people on a boat in the water.,5.44554455445545
I679,Roofing 2.jpg,a close up of a bird on a tree branch.,4.0594059405940595
I677,Rollercoaster 3.jpg,a group of people standing on top of a train.,5.108910891089111
I712,Scared face 4.jpg,a man in a white shirt is brushing his teeth.,2.9702970297029703
I852,Tornado 5.jpg,a person is flying a kite on the beach.,3.25
I854,Traffic 1.jpg,a train traveling down tracks next to a parking building.,4.62376237623762
I876,Wedding 3.jpg,a person holding a pair of scissors in their hands.,5.7843137254902
I857,Volcano 2.jpg,a large white and black boat in a body of water.,2.63725490196078
I883,Wedding 10.jpg,a woman is brushing her teeth with a toothbrush.,5.794117647058821
I640,Police 1.jpg,a man in a military uniform standing in front of a motorcycle.,2.58823529411765
I838,Tiger 2.jpg,a close up of a cat laying on the ground.,5.392156862745099
I888,Wolf 1.jpg,a polar bear standing on a rock in the snow.,5.45544554455446
I866,War 3.jpg,a man in a military uniform standing in front of a motorcycle.,3.46296296296296
I893,Yarn 3.jpg,a close up of a pair of scissors on a table.,4.303921568627451
I823,Swimming 1.jpg,a man riding a wave on top of a surfboard.,5.0594059405940595
I889,Wolf 2.jpg,a brown and white dog laying on top of a grass covered field.,3.08823529411765
I821,Surprise 1.jpg,a man in a wet suit holding a surfboard.,4.68627450980392
I877,Wedding 4.jpg,a wedding cake with a rear and holder on top.,5.8148148148148096
I841,Timber 3.jpg,a pile of apples sitting on top of each other.,4.12037037037037
I859,Wall 1.jpg,a white toilet sitting next to a white wall.,4.07843137254902
I824,Swingset 1.jpg,a close up of a bird on a wooden bench.,4.31372549019608
I884,Wedding 11.jpg,a vase filled with flowers sitting on top of a wooden table.,5.0196078431372495
I848,Tornado 1.jpg,a traffic light sitting on the side of a road.,2.09803921568627
I900,Zebra 1.jpg,a group of zebra standing next to each other on a field.,5.80555555555556
I894,Yarn 4.jpg,a close up of a person holding a pair of scissors.,4.203703703703701
I829,Thunderstorm 5.jpg,a close up of a vase with a flower in it.,4.7524752475247505
I832,Thunderstorm 8.jpg,a plane flying in the sky over a city.,4.372549019607839
I813,Sunset 4.jpg,a boat floating on a silver next to a forest.,6.107843137254901
I3,Acorns 3.jpg,a pile of carrots sitting on top of a cutting board.,4.754901960784309
I748,Sidewalk 5.jpg,a bunch of different colored veggies hanging from a wall.,4.46078431372549
I837,Tiger 1.jpg,a close up of a cat laying on a couch.,4.742574257425741
I891,Yarn 1.jpg,a close up of a pair of scissors on a table.,2.59803921568627
I798,Stingray 2.jpg,a close up of a bird on a rock.,4.754901960784309
I669,Rocks 2.jpg,a bunch of birds that are standing in the water.,4.30693069306931
I647,Present 1.jpg,a close up of a pair of scissors on a table.,5.50980392156863
I1,Acorns 1.jpg,a close up of a plastic container of food.,4.68627450980392
I890,Woods 1.jpg,a bear is standing in the middle of a forest.,3.7843137254902
I858,Volcano 3.jpg,a black and white photo of a horse grazing in a field.,4.38888888888889
I231,Destruction 8.jpg,a bunch of boats that are sitting in the water.,2.23529411764706
I782,Soldiers 1.jpg,a group of people standing on top of a sandy beach.,4.15740740740741
I872,Waterfall 1.jpg,a person riding a surf board on a body of water.,5.431372549019611
I887,Windmill 1.jpg,a kite flying in the sky with a sky background.,3.1666666666666696
I204,Dancing 6.jpg,a group of people standing next to each other.,5.80555555555556
I808,Sun 1.jpg,a close up of a person holding an open umbrella.,4.41584158415842
I822,Surprise 2.jpg,a little girl holding a cell phone in her hand.,5.29411764705882
I397,Goat 2.jpg,two sheep standing next to each other in a field.,5.203703703703701
I840,Timber 2.jpg,a pile of different types of fruit sitting on top of a wooden table.,4.33333333333333
I853,Torture chamber 1.jpg,a room filled with lots of wooden furniture.,3.36274509803922
I874,Wedding 1.jpg,a man wearing a suit and tie with a sort on his face.,5.67326732673267
I295,Excited face 4.jpg,a man in a suit and tie is smiling.,4.2475247524752495
I865,War 2.jpg,a group of people sitting on top of a dirt field.,2.3960396039604
I826,Thunderstorm 2.jpg,a traffic light odd over a street next to a forest.,5.05555555555556
I867,War 4.jpg,a group of people riding skis on top of a snow covered slope.,2.9705882352941204
I806,Street 4.jpg,a car driving down a road next to a forest.,4.88235294117647
I828,Thunderstorm 4.jpg,a man riding a wave on top of a surfboard.,3.4455445544554504
I804,Street 2.jpg,a car driving down a road with a mountain in the background.,4.611111111111111
I868,War 5.jpg,a black and white photo of a boat on the beach.,2.45544554455446
I864,War 1.jpg,a man holding a cell phone up to his ear.,1.75925925925926
I839,Timber 1.jpg,a bunch of birds that are standing in the grass.,3.8316831683168298
I844,Toilet 1.jpg,a bathroom with a urinal and a urinal.,3.8039215686274503
I825,Thunderstorm 1.jpg,a group of people standing on top of a lush green field.,3.1666666666666696
I847,Toilet 4.jpg,a white toilet sitting in a bathroom next to a window.,2.53465346534653
I761,Skyscraper 2.jpg,a view of a city street with a large building in the background.,4.49019607843137
I559,Nude man 20.jpg,a group of people standing on top of a sandy beach.,3.48148148148148
I281,Dog 31.jpg,a large brown bear sitting on top of a wooden fence.,2.0833333333333304
I702,Sad pose 6.jpg,a woman in a blue shirt and a black hat is talking on a cell phone.,3.31683168316832
I137,Cat 8.jpg,a black and white cat sitting on top of a wooden table.,4.76470588235294
I32,Baby 1.jpg,a person is holding a toothbrush in their hand.,6.175925925925929
I816,Surgery 1.jpg,a person laying on a bed with a blanket.,2.91176470588235
I472,Lamb 1.jpg,a sheep standing on a lush green field.,5.75490196078431
I533,Nude couple 7.jpg,a woman laying on her fingers on a bed.,5.693069306930691
I539,Nude couple 13.jpg,a man sitting on a rock while holding a cell phone.,5.794117647058821
I732,Shark 7.jpg,a large white dog standing on top of a surfboard.,3.81188118811881
I456,Lake 2.jpg,a boat in the middle of a body of water.,6.392156862745099
I453,Knife 1.jpg,a close up of a pair of scissors on a table.,3.24509803921569
I166,Cockroach 1.jpg,a large brown dog standing on top of a wooden table.,2.05882352941176
I831,Thunderstorm 7.jpg,a plane flying over a large mountain item.,4.48514851485149
I546,Nude man 7.jpg,a close up of an elephant 's trunk with its mouth open.,4.51485148514851
I514,Motocross 1.jpg,a man riding a dirt bike on top of a dirt field.,4.77777777777778
I103,Bungee jumping 3.jpg,a man flying through the air while riding a snowboard.,5.111111111111111
I429,Happy pose 2.jpg,a man in a suit and tie holding a cell phone.,5.607843137254901
I672,Rocks 5.jpg,a bunch of carrots are sitting on the ground.,4.4803921568627505
I560,Nude man 3.jpg,a woman sitting on a bench in front of a window.,4.303921568627451
I663,Road 1.jpg,a man riding a motorcycle down a street.,5.05882352941176
I102,Bungee jumping 2.jpg,a man flying through the air while riding a skateboard.,4.76470588235294
I420,Gun 10.jpg,a close up of a motorcycle on a table.,2.64356435643564
I476,Lightning 3.jpg,a group of people on a beach flying a kite.,4.58823529411765
I474,Lightning 1.jpg,a view of a city skyline with a cloudy sky.,4.85294117647059
I578,Nude woman 15.jpg,a man in a white shirt and tie is holding a toothbrush.,5.2843137254901995
I703,Sad pose 7.jpg,a black and white photo of a woman sitting on a bench.,2.7407407407407405
I10,Alcohol 7.jpg,a bunch of bottles of wine sitting on a counter.,4.47524752475248
I298,Excited face 7.jpg,a man wearing a hat and a tie.,4.7524752475247505
I879,Wedding 6.jpg,a man and a woman sitting on a boat in the water.,6.0
I880,Wedding 7.jpg,a close up of a pair of scissors on a bed.,5.2843137254901995
I434,Horse 1.jpg,a couple of brown horses standing next to each other.,5.9351851851851904
I465,Lake 11.jpg,a large body of water with a bunch of boats in it.,5.7156862745098
I499,Money 1.jpg,a bunch of different colored base sitting on top of a table.,4.96039603960396
I621,Picnic 2.jpg,a little girl eating a hot dog on a bun.,5.90740740740741
I750,Skier 1.jpg,a person jumping a snow board in the air.,5.47222222222222
I184,Couple 2.jpg,a group of people standing around a wooden table.,5.627450980392161
I818,Surgery 3.jpg,a group of people standing around a table with a cake.,3.67592592592593
I743,Siblings 1.jpg,a little girl sitting on a bed holding a teddy bear.,6.203703703703701
I28,Archery 1.jpg,a man holding a baseball bat in his hands.,4.29411764705882
I4,Alcohol 1.jpg,a glass of wine sitting on top of a wooden table.,4.6851851851851904
I83,Bloody knife 2.jpg,a person holding a pair of scissors in their hands.,2.2574257425742594
I215,Depressed pose 3.jpg,a woman sitting on the floor with a cell phone.,2.65686274509804
I234,Dirt 1.jpg,an image of a bird flying in the air.,1.6078431372549
I9,Alcohol 6.jpg,a bunch of bottles of wine sitting on top of a counter.,4.53703703703704
I11,Alcohol 8.jpg,a glass of wine sitting on top of a wooden table.,5.475247524752481
I101,Bungee jumping 1.jpg,a man riding a skateboard up the side of a ramp.,4.203703703703701
I637,Plane crash 2.jpg,a small boat sitting on top of a sandy beach.,2.8137254901960804
I683,Rooster 1.jpg,a group of chickens standing next to each other.,4.32352941176471
I232,Destruction 9.jpg,a kite is flying in the air over a field.,3.55555555555556
I796,Statue 2.jpg,a close up of a statue of a classroom bear.,5.03921568627451
I327,Fire 10.jpg,a flock of birds sitting on top of a tree.,2.47058823529412
I357,Food 4.jpg,a plate of food on a table with a bottle of wine and a glass of wine . (p=0.000003).,5.611111111111111
I725,Severed finger 1.jpg,a person holding a pair of scissors in their hands.,1.67326732673267
I873,Weapon 1.jpg,a large partially in a body of water.,2.84259259259259
I365,Frustrated pose 4.jpg,a man in a suit and tie holding a microphone.,3.42156862745098
I325,Fire 8.jpg,a group of people standing next to each other in a forest.,4.1980198019802
I673,Rocks 6.jpg,a close up of a pair of scissors on a wooden surface.,4.20588235294118
I547,Nude man 8.jpg,a man standing on a beach holding a surfboard.,3.1683168316831702
I713,Scared face 5.jpg,a man sitting on a couch holding a cell phone.,3.0297029702970297
I33,Baby 2.jpg,a young boy sitting on a couch holding a remote.,6.02777777777778
I428,Happy pose 1.jpg,a man flying through the air while riding a snowboard.,4.888888888888889
I792,Soup 1.jpg,a cup of wood sitting on top of a table.,5.0495049504950495
I527,Nude couple 1.jpg,a man in a black shirt and a black tie.,5.42156862745098
I561,Nude man 21.jpg,a man in a white shirt and tie standing next to a statue of a bear.,3.54901960784314
I505,Mother 1.jpg,a man riding a surfboard on top of a wave.,6.107843137254901
I897,Yoga 3.jpg,a man standing on a beach holding a white frisbee.,5.49019607843137
I77,Bird 4.jpg,a colorful bird is sitting on a branch.,5.549019607843139
I601,Paperclips 2.jpg,a bunch of colorful scissors sitting on top of a table.,4.578431372549019
I177,Cold 7.jpg,a red fire hydrant sitting in the middle of a forest.,5.29411764705882
I762,Sleepy pose 1.jpg,a baby laying on a bed with a blanket.,2.58823529411765
I709,Scared face 1.jpg,a man in a white shirt brushing his teeth.,3.89108910891089
I58,BDSM 3.jpg,a group of people sitting on a bench in a park.,3.9537037037037
I615,Penguins 1.jpg,a group of people riding skis on top of a snow covered slope.,5.6633663366336595
I199,Dancing 1.jpg,a man flying through the air while riding a skateboard.,5.303921568627451
I207,Dancing 9.jpg,a group of people standing next to each other holding umbrellas.,5.58415841584158
I301,Exercise 3.jpg,a group of people riding on top of a boat.,4.83333333333333
I253,Dog 3.jpg,a dog that is standing in the grass with a frisbee.,5.74509803921569
I145,Celebration 2.jpg,a man and a woman flying a kite on a beach.,4.892156862745099
I504,Moon 1.jpg,a close up of a white and blue toothbrush.,5.27450980392157
I441,Intensity 1.jpg,a woman wearing a blue shirt and a black tie.,2.8137254901960804
I430,Happy pose 3.jpg,a train traveling over a bridge over a river.,5.74257425742574
I763,Sleepy pose 2.jpg,a man sitting in a chair with a laptop.,3.63725490196078
I171,Cold 1.jpg,a small boat in a body of water.,3.99009900990099
I436,House 1.jpg,a brick building with a window and a window.,4.70588235294118
I845,Toilet 2.jpg,two uniforms in a public restroom with graffiti on the walls.,3.6481481481481497
I850,Tornado 3.jpg,a view of a river and a bridge over a body of water.,2.6633663366336604
I881,Wedding 8.jpg,a couple of women standing next to a cake.,5.627450980392161
I14,Ambulance 3.jpg,a red truck is parked on the side of the street.,3.28712871287129
I12,Ambulance 1.jpg,a black and white photo of a man sitting on a motorcycle.,2.3333333333333304
I431,Heart 1.jpg,a brown teddy bear sitting on top of a wooden table.,4.66666666666667
I833,Thunderstorm 9.jpg,a kite flying in the sky over a city.,4.607843137254901
I360,Football player 1.jpg,a baseball player holding a bat on top of a field.,4.768518518518519
I469,Lake 15.jpg,a boat in the middle of a silver with surfboards in the background.,6.2475247524752495
I47,Barbeque 1.jpg,a man cutting a piece of cake with a knife.,4.7156862745098005
I791,Soldiers 10.jpg,a man in a leg 's hat cutting a piece of bread.,2.6039603960396
I836,Tickling 1.jpg,a man holding a nintendo wii game controller.,5.36274509803922
I851,Tornado 4.jpg,a plane flying in the sky over some trees.,2.6960784313725497
I355,Food 2.jpg,a close up of a plate of food on a table.,5.34259259259259
I692,Sad face 5.jpg,a little girl in a pink dress holding a toothbrush.,4.33333333333333
I144,Celebration 1.jpg,a group of baseball players standing on top of a field.,5.32352941176471
I213,Depressed pose 1.jpg,a man is holding a banana in his hands.,2.69444444444444
I237,Dirt 2.jpg,a train traveling through a lush green countryside.,5.59803921568627
I690,Sad face 3.jpg,a close up of a person wearing a shirt and tie.,3.13861386138614
I89,Bored pose 4.jpg,a man sitting on a couch holding a cell phone.,3.1274509803921604
I311,Fence 1.jpg,a group of baseball players standing on top of a field.,3.7326732673267298
I684,Rubber duck 1.jpg,a red and white fire hydrant sitting on the side of a road.,5.411764705882349
I380,Garbage dump 2.jpg,a herd of sheep standing on top of a grass covered field.,1.60185185185185
I15,Angry face 1.jpg,a black and white photo of a man holding a tennis racket.,3.38235294117647
I178,Cold 8.jpg,a white fire hydrant sitting in the middle of a snow covered field.,5.524752475247519
I344,Flowers 1.jpg,a bunch of flowers that are in a glass vase.,5.7623762376237595
I419,Gun 9.jpg,a close up of a black and lake motorcycle.,2.88235294117647
I86,Bored pose 1.jpg,a man standing in front of a bathroom mirror.,3.55882352941176
I528,Nude couple 2.jpg,a man and woman talking on cell phones.,5.441176470588241
I462,Lake 8.jpg,a train traveling over a bridge over a river.,6.205882352941179
I49,Bark 1.jpg,a bird sitting on top of a tree branch.,4.03703703703704
I639,Plane crash 4.jpg,a small airplane sitting on top of a field.,2.04950495049505
I40,Baby 9.jpg,a small child is holding a toothbrush in his mouth.,5.85294117647059
I359,Food 6.jpg,a pile of carrots sitting on top of a table.,5.65686274509804
I50,Bark 2.jpg,a bird perched on top of a tree branch.,4.2592592592592595
I691,Sad face 4.jpg,a man wearing a tie and a shirt.,3.4705882352941204
I738,Shot 1.jpg,a person holding a pair of scissors in their hands.,2.76470588235294
I318,Fire 1.jpg,a man standing in front of a mirror holding a cell phone.,4.40740740740741
I35,Baby 4.jpg,a person laying on a bed with a stuffed animal.,5.92079207920792
I421,Hallway 1.jpg,a black and white photo of a room with a fireplace.,2.61111111111111
I248,Doctor 7.jpg,a man sitting on a bed with a laptop.,3.34313725490196
I671,Rocks 4.jpg,a pile of stirring carrots sitting on top of a pile of dirt.,4.5196078431372495
I91,Bored pose 6.jpg,a man with a design and glasses is talking on a cell phone.,4.55882352941176
I233,Destruction 10.jpg,an old rusted fire hydrant sitting in the middle of a field.,2.0990099009901
I534,Nude couple 8.jpg,a couple of people that are sitting on a bed.,5.27777777777778
I186,Couple 4.jpg,a couple of people that are standing on a beach.,5.97058823529412
I235,Destruction 2.jpg,a group of people walking down a street next to parking pole.,2.1862745098039196
I739,Shot 2.jpg,a couple of men standing next to each other in a room.,3.6960784313725497
I764,Sleepy pose 3.jpg,a man sitting on a couch using a laptop computer.,3.7058823529411806
I530,Nude couple 4.jpg,a woman in a red shirt is looking at her cellphone.,5.36274509803922
I13,Ambulance 2.jpg,a white truck parked in a tall lot.,3.17821782178218
I66,Beach 8.jpg,a couple of boats sitting on top of a sandy beach.,5.85294117647059
I555,Nude man 16.jpg,a man in a suit and tie holding a cell phone.,4.425925925925929
I444,Jail 3.jpg,a man sitting on a chair in a room.,2.51960784313725
I195,Cups 1.jpg,a cup of wood sitting on top of a table.,4.27722772277228
I536,Nude couple 10.jpg,a woman sitting on the ground with a cell phone.,5.5
I855,Tumor 1.jpg,a woman holding a pair of scissors in her hands.,1.40196078431373
I94,Boxing 2.jpg,a man holding a frisbee in his hands.,3.6960784313725497
I104,Camping 1.jpg,a group of people sitting on top of a sandy beach.,5.603960396039599
I46,Bar 3.jpg,several bottles of wine sitting on top of a counter.,4.49019607843137
I18,Angry face 4.jpg,a man with a design wearing a tie.,2.4901960784313704
I19,Angry face 5.jpg,a man with a design and a tie is smiling.,2.8529411764705896
I892,Yarn 2.jpg,a close up of a person holding a pair of scissors.,4.10891089108911
I302,Explosion 1.jpg,a small airplane sitting on top of a runway.,2.64705882352941
I485,Lion 5.jpg,a couple of animals that are standing in the grass.,3.7254901960784306
I501,Monkey 2.jpg,a large black bear laying on top of a rock.,4.02941176470588
I707,Satellite 1.jpg,a plane is flying in the air with a sky background.,5.06862745098039
I742,Shot 5.jpg,a pair of scissors sitting on top of a wooden table.,3.0294117647058796
I525,Neutral pose 2.jpg,a man riding a snowboard down a snow covered slope.,5.254901960784309
I148,Cemetery 3.jpg,a couple of baseball parrot sitting on top of a wooden bench.,2.94444444444444
I306,Explosion 5.jpg,a black and white photo of people on a beach.,1.8235294117647098
I99,Building 1.jpg,a large clock mounted to the side of a building.,5.03703703703704
I189,Couple 7.jpg,a man in a black shirt is playing a video game.,5.91666666666667
I229,Destruction 6.jpg,a group of people standing next to each other on a dirt field.,2.00990099009901
I8,Alcohol 5.jpg,a glass of wine sitting on top of a wooden table.,5.33333333333333
I581,Nude woman 18.jpg,a woman laying on her fingers on a bed.,4.9907407407407405
I623,Picnic 4.jpg,a group of people sitting on top of a grass covered field.,5.029702970297031
I710,Scared face 2.jpg,a man in a suit and tie is smiling.,3.7745098039215694
I20,Angry pose 1.jpg,a man in a suit and tie holding a cell phone.,2.81481481481481
I62,Beach 4.jpg,a woman sitting on the beach with a surfboard.,5.925925925925929
I37,Baby 6.jpg,a baby laying on a bed with a teddy bear.,6.046296296296299
I65,Beach 7.jpg,a man sitting on a beach with a surfboard.,6.068627450980389
I314,Fence 4.jpg,a group of baseball parrot sitting on top of a wooden bench.,2.88235294117647
I609,Parasailing 1.jpg,a man digging over a large body of water.,5.65686274509804
I506,Mother 2.jpg,a little girl is holding a pink and white toothbrush.,5.925925925925929
I613,Party 1.jpg,a woman holding a glass of wine in front of her.,4.5196078431372495
I337,Fireworks 4.jpg,a close up of a bird on a tree branch.,5.953703703703701
I398,Gorrila 1.jpg,a classroom bear sitting on top of a tree goal.,3.90740740740741
I381,Garbage dump 3.jpg,a bunch of lamp that are sitting on the ground.,2.0
I300,Exercise 2.jpg,a group of men standing next to each other holding tennis lounging.,4.6851851851851904
I69,Bear 3.jpg,a polar bear standing on a rock in the snow.,5.465346534653469
I23,Animal carcass 2.jpg,a bird that is standing on a rock.,3.25490196078431
I751,Skijump 1.jpg,a group of people riding skis down a snow covered slope.,4.5
I21,Angry pose 2.jpg,a man is holding a toothbrush in his mouth.,2.80555555555556
I179,Collaboration 1.jpg,a man holding a nintendo wii game controller.,5.431372549019611
I181,Cotton swabs 2.jpg,a pair of scissors sitting on top of a table.,4.05882352941176
I218,Dessert 1.jpg,a birthday cake with a train on it.,5.33333333333333
I345,Flowers 2.jpg,a bouquet of flowers in a vase on a table.,5.950980392156861
I622,Picnic 3.jpg,a group of people sitting around a wooden table.,4.546296296296299
I765,Sleepy pose 4.jpg,a man is preparing food in a kitchen.,3.96078431372549
I616,Penguins 2.jpg,a black and white bird standing on a sandy beach.,6.20792079207921
I131,Cat 2.jpg,a close up of a cat laying on a couch.,5.4950495049505
I130,Cat 1.jpg,a black and white cat is looking at the camera.,5.42156862745098
I107,Camping 4.jpg,a group of people sitting around a table eating food.,5.65686274509804
I147,Cemetery 2.jpg,a black and white photo of a building with a sky background.,3.99009900990099
I268,Dog 18.jpg,a dog laying on a couch next to a stuffed animal.,6.196078431372549
I224,Dessert 7.jpg,a cup of wood and a banana on a table.,5.453703703703701
I277,Dog 27.jpg,a black and white dog sitting on top of a wooden bench.,5.32673267326733
I157,Children 1.jpg,a woman and a child are standing on the beach.,5.72277227722772
I408,Graveyard 3.jpg,a group of people standing on top of a sandy beach.,3.57843137254902
I496,Miserable pose 3.jpg,a woman laying on a bed with a teddy bear.,1.1078431372548998
I580,Nude woman 17.jpg,a woman sitting on a bed in a room.,5.12962962962963
I172,Cold 2.jpg,a wooden bench sitting in the middle of a snow covered field.,4.732673267326731
I376,Galaxy 6.jpg,a view of a plane flying through the air.,5.34313725490196
I5,Alcohol 2.jpg,a display case filled with lots of bottles of wine.,4.25
I393,Gazing 5.jpg,a man flying a kite in a cloudy sky.,5.44444444444444
I387,Gargoyle 1.jpg,a statue of a man standing next to a statue of a bear.,3.90196078431373
I315,Fence 5.jpg,a young boy holding a baseball bat on a field.,3.7745098039215694
I7,Alcohol 4.jpg,a group of wine glasses sitting on top of a table.,4.768518518518519
I64,Beach 6.jpg,a couple of birds sitting on top of a wooden makes.,6.05555555555556
I164,Cliff diver 2.jpg,a person is flying a kite on the beach.,5.108910891089111
I523,Neutral face 5.jpg,a woman in a dress shirt and a tie.,4.9803921568627505
I216,Depressed pose 4.jpg,a man is sitting on a couch with a cell phone.,3.25490196078431
I461,Lake 7.jpg,a couple of boats floating on top of a river.,6.09259259259259
I70,Bed 1.jpg,a bed with a white nicely and pillows on top of it.,4.01980198019802
I388,Gargoyle 2.jpg,a statue of a dog sitting on top of a wooden bench.,3.26851851851852
I219,Dessert 2.jpg,a group of cupcakes with frosting and sprinkles.,5.73529411764706
I2,Acorns 2.jpg,a bunch of different types of doughnuts on a table.,4.5196078431372495
I6,Alcohol 3.jpg,a group of wine glasses sitting on top of a table.,4.16666666666667
I17,Angry face 3.jpg,a man in a suit and tie holding a cell phone to his ear.,2.5
I512,Mother 8.jpg,a little girl holding a pink teddy bear.,5.931372549019611
I801,Storage 2.jpg,a pile of luggage sitting on top of a wooden floor.,4.00990099009901
I704,Sailing 1.jpg,a woman in a really riding a surfboard in the water.,4.59405940594059
I329,Fire hydrant 1.jpg,a red fire hydrant sitting on the side of a road.,4.196078431372549
I245,Doctor 4.jpg,a group of people standing around a table with a cake on it.,3.81188118811881
I280,Dog 30.jpg,a dog is laying on the floor with a toy.,4.58333333333333
I835,Thunderstorm 11.jpg,a boat floating on top of a body of water.,3.94444444444444
I39,Baby 8.jpg,a baby laying on a bed with a stuffed animal.,6.101851851851849
I766,Smiling face 1.jpg,a woman sitting at a table with a baby.,5.638888888888889
I71,Bee 1.jpg,a close up of a dog wearing a tie.,3.6481481481481497
I549,Nude man 10.jpg,a man standing in a bathroom with a toothbrush in his mouth.,3.54455445544554
I372,Galaxy 2.jpg,a person is in the air on a snowboard.,5.77227722772277
I588,Office supplies 3.jpg,a bunch of bananas hanging from a tree.,4.2376237623762405
I244,Doctor 3.jpg,a woman is holding a cell phone to her ear.,4.35185185185185
I312,Fence 2.jpg,a close up of a metal fence with a fence in the background.,4.21782178217822
I466,Lake 12.jpg,a large body of water with a mountain in the background.,6.37623762376238
I226,Destruction 1.jpg,a large clock tower towering over a city at night.,3.17647058823529
I730,Shark 5.jpg,a close up of a black and white dog with its marble out.,3.59803921568627
I538,Nude couple 12.jpg,a woman sitting on a bench in front of a window.,5.06862745098039
I43,Band 2.jpg,a man in a suit and tie holding a microphone.,5.15686274509804
I780,Socks 1.jpg,a pair of black shoes sitting on top of a bed.,4.203703703703701
I364,Frustrated pose 3.jpg,a man in a suit and tie holding a cell phone.,2.3518518518518503
I756,Skydiving 2.jpg,a group of people riding skis on top of a snow covered slope.,5.33333333333333
I807,Street 5.jpg,a city street filled with lots of traffic next to parking pole.,4.049019607843141
I745,Sidewalk 2.jpg,a pair of scissors sitting on top of a wooden bench.,4.56862745098039
I697,Sad pose 1.jpg,a little girl sitting at a table using a laptop computer.,2.88235294117647
I88,Bored pose 3.jpg,a woman sitting on a couch holding a cell phone.,3.08823529411765
I827,Thunderstorm 3.jpg,a group of planes flying in jeans in a blue sky.,3.96039603960396
I384,Garbage dump 6.jpg,a bottle of wine sitting on top of a wooden table.,1.96296296296296
I265,Dog 15.jpg,a black and white dog laying on top of a bed.,3.43137254901961
I307,Explosion 6.jpg,a fire hydrant in the middle of a snowy area.,2.2574257425742594
I483,Lion 3.jpg,a close up of a brown and white cow.,4.94444444444444
I484,Lion 4.jpg,a brown dog laying on top of a sandy beach.,4.627450980392161
I737,Shooting 1.jpg,a man is holding a cell phone in his hand.,3.34313725490196
I819,Surgery 4.jpg,a group of people standing around a table with a cake.,3.4851485148514905
I167,Cockroach 2.jpg,a black and white dog sitting on top of a wooden bench.,2.26470588235294
I374,Galaxy 4.jpg,a white teddy bear sitting on top of a white toilet.,5.431372549019611
I447,Keyboard 1.jpg,a close up of a keyboard and a mouse on a desk.,4.16666666666667
I34,Baby 3.jpg,a baby laying on a bed holding a teddy bear.,5.84158415841584
I326,Fire 9.jpg,a fire hydrant sitting in the middle of a forest.,1.47058823529412
I770,Snake 4.jpg,a close up of a dog wearing a hat.,2.37254901960784
I518,Neonazi 1.jpg,a man in a suit and tie standing in front of a stop sign.,2.03921568627451
I134,Cat 5.jpg,a cat laying on top of a blanket on a bed.,6.2156862745098
I648,Present 2.jpg,a pair of red scissors sitting on top of a table.,5.49019607843137
I255,Dog 5.jpg,a brown and white dog castle on a toy.,5.9405940594059405
I509,Mother 5.jpg,a little girl and a little girl are posing for a picture.,5.9351851851851904
I658,Rafting 6.jpg,a group of people riding on top of a small boat.,4.9907407407407405
I696,Sad face 9.jpg,a young boy wearing a blue shirt and a tie.,2.31481481481481
I362,Frustrated pose 1.jpg,a woman in a white dress holding a pair of scissors.,2.35294117647059
I230,Destruction 7.jpg,a group of giraffe standing next to each other on a field.,2.00990099009901
I626,Pigeon 1.jpg,a black and white bird standing on top of a grass covered field.,4.55882352941176
I142,Cat 13.jpg,a gray and white cat is looking at the camera.,5.45544554455446
I450,Keys 1.jpg,a pile of luggage sitting on top of a wooden floor.,4.02970297029703
I843,Toast 1.jpg,a man sitting at a table with a glass of wine in front of him.,4.8019801980198
I282,Dog attack 1.jpg,a man holding a dog with a frisbee in his mouth.,2.8518518518518503
I187,Couple 5.jpg,a cereal that is sitting on a banana.,4.9907407407407405
I48,Barbeque 2.jpg,a woman holding a pair of scissors in her hands.,5.14851485148515
I138,Cat 9.jpg,a cat wearing a tie and a vest.,5.33333333333333
I409,Graveyard 4.jpg,a group of farm animals standing in a field.,3.21296296296296
I72,Biking 1.jpg,a man riding a dirt bike on top of a dirt road.,5.08823529411765
I228,Destruction 5.jpg,a pair of scissors sitting on top of a piece of paper.,2.14851485148515
I486,Massage 1.jpg,a woman laying on a bed with a blanket.,5.705882352941179
I551,Nude man 12.jpg,a man in a suit is holding a frisbee.,4.66336633663366
I795,Statue 1.jpg,a statue of a man sitting on top of a wooden bench.,5.33333333333333
I856,Volcano 1.jpg,a black and white photo of a horse grazing in a field.,3.75247524752475
I468,Lake 14.jpg,a large body of water with a mountain in the background.,6.31372549019608
I566,Nude woman 3.jpg,a woman laying on a bed with a teddy bear.,4.61764705882353
I206,Dancing 8.jpg,a group of people standing next to each other in a room.,5.31372549019608
I411,Gun 1.jpg,a pair of scissors sitting on top of a wooden table.,2.7326732673267298
I211,Depressed face 1.jpg,a woman wearing a tie and a vest.,3.76470588235294
I740,Shot 3.jpg,a person holding a pair of scissors in their hands.,1.9166666666666698
I625,Pig 2.jpg,a herd of sheep standing next to each other on a field.,4.69444444444444
I437,Injury 1.jpg,a person is holding a pair of scissors.,1.97058823529412
I139,Cat 10.jpg,a cat that is sitting on a wooden bench.,5.450980392156861
I269,Dog 19.jpg,a brown dog with a red hugging sitting on a couch.,5.9405940594059405
I775,Snow 3.jpg,a black and white photo of a polar bear swimming in the water.,4.5648148148148096
I629,Pigeon 4.jpg,a bird is perched on a wooden post.,5.11881188118812
I727,Shark 2.jpg,a close up of a black and white bird on a rock.,3.65686274509804
I299,Exercise 1.jpg,a man is sitting on the grass with a frisbee.,4.70588235294118
I100,Building 2.jpg,a building with a clock on the top of it.,4.796296296296299
I699,Sad pose 3.jpg,a man sitting on a couch holding a cell phone.,2.8703703703703702
I304,Explosion 3.jpg,a military plane is parked on the runway.,2.6481481481481497
I278,Dog 28.jpg,a dog laying on a bed with a stuffed animal.,5.59259259259259
I777,Snow 5.jpg,a bird standing on top of a lush green field.,4.82352941176471
I585,Nude woman 22.jpg,a woman sitting on a bed holding a cell phone.,4.75
I79,Birthday 1.jpg,a birthday cake with candles on it sitting on a table.,5.7843137254902
I162,Clean 1.jpg,a table topped with lots of different types of food.,5.046296296296299
I367,Frustrated pose 6.jpg,a woman holding a cell phone to her ear.,4.68316831683168
I811,Sunset 2.jpg,a plane flying over a large body of water.,6.00980392156863
I752,Skijump 2.jpg,a group of people standing on top of a snow covered slope.,4.86138613861386
I577,Nude woman 14.jpg,a woman laying on top of a bed next to a white wall.,5.08823529411765
I80,Birthday 2.jpg,a little girl sitting at a table in front of a cake.,5.32673267326733
I668,Rocks 1.jpg,a bunch of carrots are laying on the ground.,4.67647058823529
I463,Lake 9.jpg,a couple of boats sitting on top of a sandy beach.,6.411764705882349
I834,Thunderstorm 10.jpg,a flock of birds flying through a cloudy sky.,4.36633663366337
I200,Dancing 2.jpg,a woman holding a tennis racket in her hands.,5.2156862745098005
I579,Nude woman 16.jpg,a woman sitting on a bed with a blue umbrella.,4.69444444444444
I711,Scared face 3.jpg,a man with a toothbrush in his mouth.,3.0462962962963
I896,Yoga 2.jpg,a man is throwing a frisbee on the beach.,3.09259259259259
I81,Birthday 3.jpg,a table topped with plates and bowls of food.,5.568627450980389
I705,Sailing 2.jpg,a man riding a lace on top of a body of water.,5.303921568627451
I123,Car race 1.jpg,a busy city street filled with lots of traffic.,4.38888888888889
I396,Goat 1.jpg,a white sheep standing on top of a grass covered field.,5.33333333333333
I202,Dancing 4.jpg,a couple of women standing next to each other.,5.53921568627451
I85,Bored face 1.jpg,a man in a suit and tie is smiling.,3.6481481481481497
I568,Nude woman 5.jpg,a young boy wearing a hat and a tie.,5.35294117647059
I734,Shark 9.jpg,a large white bird standing on top of a wooden structure.,3.88235294117647
I92,Bottle 1.jpg,a close up of a tooth brush with tooth paste on it.,4.17647058823529
I308,Father 1.jpg,a baby laying on a bed with a teddy bear.,6.029702970297031
I602,Paperclips 3.jpg,a close up of a pair of scissors on a table.,4.049019607843141
I706,Sailing 3.jpg,a point in the middle of a body of water.,5.450980392156861
I395,Gazing 7.jpg,a man sitting on a bench looking at the water.,4.9803921568627505
I391,Gazing 3.jpg,a young boy is brushing his teeth with a toothbrush.,5.425925925925929
I497,Miserable pose 4.jpg,a woman is sitting on a bed in a room.,2.5833333333333304
I203,Dancing 5.jpg,a man in a suit and tie holding a woman.,5.696078431372549
I125,Car race 3.jpg,a large truck driving down a highway with lots of traffic.,4.3960396039604
I118,Car accident 3.jpg,a bunch of lamp that are in a garden.,2.67647058823529
I731,Shark 6.jpg,a large white bird sitting on top of a metal buildings.,3.8981481481481497
I105,Camping 2.jpg,a group of children sitting at a table eating food.,4.96039603960396
I394,Gazing 6.jpg,a man in a hat and tie holding a cell phone.,5.84313725490196
I812,Sunset 3.jpg,a large body of water with a mountain in the background.,6.12037037037037
I93,Boxing 1.jpg,a man wearing a helmet and holding a baseball bat.,3.73529411764706
I757,Skydiving 3.jpg,a group of people flying kites over a snow covered mountain.,5.07920792079208
I519,Neutral face 1.jpg,a woman wearing a hat and sunglasses sitting on a bench.,3.96078431372549
I875,Wedding 2.jpg,a rear and holder cutting their wedding cake.,5.7843137254902
I676,Rollercoaster 2.jpg,a group of people standing on top of a bridge.,5.372549019607839
I451,KKK rally 1.jpg,a group of people standing next to each other on a snow covered field.,1.3431372549019598
I333,Fireman 1.jpg,a man in a hat and sunglasses holding a baseball bat.,3.09803921568627
I106,Camping 3.jpg,a group of people sitting around a table with food.,5.018518518518519
I266,Dog 16.jpg,a brown dog with a red hugging is sitting on a couch.,5.392156862745099
I201,Dancing 3.jpg,a group of people riding on the industrial of elephants.,4.88235294117647
I422,Hang gliding 1.jpg,a person holding an umbrella on a beach.,5.05555555555556
I565,Nude woman 2.jpg,a woman sitting on a bed holding a bottle.,4.62376237623762
I686,Rugby 2.jpg,a group of people on a field playing soccer.,5.35294117647059
I714,Scary face 1.jpg,a black and white photo of a dog wearing a tie.,1.77777777777778
I532,Nude couple 6.jpg,a man is laying on a bed with his hands in his technology.,5.2970297029703
I809,Sunflower 1.jpg,a close up of a vase with flowers in it.,5.87128712871287
I152,Cheerleader 2.jpg,a woman holding a glass of wine in her hand.,5.1980198019802
I401,Grass 3.jpg,a small brown and white bird standing in a field.,5.00980392156863
I294,Excited face 3.jpg,two young boys sitting on a bench in a park.,5.7592592592592595
I115,Car 2.jpg,an old truck is parked on the side of the road.,3.92079207920792
I660,Rainbow 1.jpg,a view of a body of water with a boat in the background.,6.231481481481481
I285,Drink 1.jpg,a glass of wine sitting on top of a table.,4.55882352941176
I636,Plane crash 1.jpg,a man standing on a beach holding a surfboard.,2.59803921568627
I114,Car 1.jpg,a red car is parked in a tall lot.,5.22549019607843
I271,Dog 21.jpg,a dog that is standing in the grass with a frisbee.,5.99019607843137
I402,Grass 4.jpg,a red and white fire hydrant in the middle of a field.,5.22549019607843
I717,School 2.jpg,a group of people standing next to each other.,5.83333333333333
I446,Jail 5.jpg,a train traveling through a lush green forest.,3.06862745098039
I604,Parachuting 1.jpg,a person is flying a kite in the sky.,5.127450980392161
I805,Street 3.jpg,a truck driving down a road next to a lush green field.,5.05882352941176
I722,School 7.jpg,a group of people standing around a table with a cake.,5.64705882352941
I511,Mother 7.jpg,a young boy wearing a hat and holding a teddy bear.,6.03960396039604
I688,Sad face 1.jpg,a young boy wearing a tie and a shirt.,2.6862745098039196
I464,Lake 10.jpg,a bench sitting on a beach next to a body of water.,6.14705882352941
I564,Nude woman 1.jpg,a man in a white shirt is brushing his teeth.,5.0
I108,Camping 6.jpg,a man standing in a kitchen preparing food.,3.8811881188118798
I878,Wedding 5.jpg,a woman holding a pair of scissors in her hands.,5.73529411764706
I150,Cemetery 5.jpg,a woman standing next to a red and white fire hydrant.,2.5098039215686296
I638,Plane crash 3.jpg,a room filled with lots of different types of luggage.,2.23529411764706
I119,Car accident 4.jpg,a car parked on the side of the road with a surfboard cellular to it.,2.02777777777778
I654,Rafting 2.jpg,a group of people on mountains in the water.,4.82352941176471
I385,Garbage dump 7.jpg,a refrigerator filled with lots of food and drinks.,2.73529411764706
I785,Soldiers 4.jpg,a group of people standing next to each other.,4.66666666666667
I749,Sidewalk 6.jpg,a bunch of stirring carrots sitting on top of a wooden table.,2.8333333333333304
I316,Fence 6.jpg,a pair of scissors sitting on top of a wooden bench.,4.31372549019608
I814,Sunset 5.jpg,a large body of water with a large body of water in the background.,5.87962962962963
I583,Nude woman 20.jpg,a woman in a really top holding a surfboard.,4.892156862745099
I154,Child labor 2.jpg,a black and white photo of a group of people in a curve.,2.82178217821782
I513,Mother 9.jpg,a little girl laying in a bed with a teddy bear.,5.981481481481481
I467,Lake 13.jpg,a boat in the middle of a silver with surfboards in the background.,6.16666666666667
I470,Lake 16.jpg,a view of a river with a bridge in the distance.,6.108910891089111
I495,Miserable pose 2.jpg,a woman is holding a cell phone to her ear.,2.7962962962963
I379,Garbage dump 1.jpg,a group of motorcycles parked on the side of a road.,2.19607843137255
I116,Car accident 1.jpg,a car is parked in front of a tall meter.,2.14705882352941
I687,Running away 1.jpg,a person walking down a street holding an umbrella.,4.578431372549019
I457,Lake 3.jpg,a boat in the water near a wooded area.,5.96296296296296
I694,Sad face 7.jpg,a young boy wearing a hat and a tie.,3.13861386138614
I438,Injury 2.jpg,a close up of a person holding a hot dog.,2.0925925925925903
I405,Grass 7.jpg,a yellow and black bird is standing in the grass.,4.892156862745099
I122,Car crash 3.jpg,a car parked on the side of a road next to a fire hydrant.,2.02941176470588
I191,Couple 9.jpg,a man and a woman are sitting at a table in front of a large building.,5.8148148148148096
I842,Timber 4.jpg,a close up of a bunch of carrots on a table.,4.303921568627451
I236,Destruction 3.jpg,a rusted out fire hydrant sitting in the middle of a forest.,1.89814814814815
I423,Hang gliding 2.jpg,a man is flying a kite in a field.,5.17647058823529
I155,Child labor 3.jpg,a group of men standing next to each other in a room.,4.088235294117649
I427,Happy face 2.jpg,a man in a suit and tie holding a beer.,5.19444444444444
I718,School 3.jpg,a group of people sitting around a table with food.,5.08910891089109
I895,Yoga 1.jpg,a woman in a blue shirt is playing frisbee.,5.5648148148148096
I899,Yoga 5.jpg,a parking clock tower with a sky background.,3.45098039215686
I701,Sad pose 5.jpg,a woman sitting on a beach holding a surfboard.,3.11764705882353
I863,Wall 5.jpg,a black and white photo of a person holding a baseball bat.,3.99009900990099
I569,Nude woman 6.jpg,a woman brushing her teeth with a tooth brush.,4.803921568627451
I810,Sunset 1.jpg,a view of a bite over a snowy landscape.,6.068627450980389
I209,Dead bodies 2.jpg,a black and white photo of a person sitting on a bench.,1.24752475247525
I487,Massage 2.jpg,a woman and a child sitting on a bed.,5.75490196078431
I135,Cat 6.jpg,a black and white cat wearing a tie.,4.7156862745098005
I498,Miserable pose 5.jpg,a man sitting on a couch holding a nintendo wii controller.,2.95098039215686
I317,Ferret 1.jpg,a white and brown cat laying on top of a cement ground.,2.8039215686274503
I339,Fireworks 6.jpg,a bunch of flowers that are in a vase.,6.107843137254901
I153,Child labor 1.jpg,a black and white photo of a group of children.,4.2592592592592595
I368,Frustrated pose 7.jpg,a woman is brushing her teeth in the bathroom.,2.6960784313725497
I803,Street 1.jpg,a man walking down a city street next to a parking building.,4.54901960784314
I773,Snow 1.jpg,a close up of a person on a beach with a frisbee.,4.627450980392161
I860,Wall 2.jpg,a black and white photo of a black and white photo of a man 's tie.,4.02941176470588
I700,Sad pose 4.jpg,a woman is sitting on a bed with a laptop.,2.84259259259259
I404,Grass 6.jpg,a large field with a field of grass and trees in the background.,5.15841584158416
I246,Doctor 5.jpg,a man sitting on a bed next to a pile of luggage.,3.68316831683168
I124,Car race 2.jpg,a group of cars that are parked in a lot.,4.36633663366337
I882,Wedding 9.jpg,a man cutting a piece of cake with a knife.,5.76470588235294
I540,Nude couple 14.jpg,a woman laying on her fingers on a bed.,4.84158415841584
I563,Nude man 23.jpg,a man in a white shirt and black tie.,3.98039215686275
I659,Railroad 1.jpg,a black and white photo of a train on a train track.,4.26470588235294
I241,Dock 1.jpg,a group of boats sitting on top of a sandy beach.,5.5643564356435595
I662,Research 1.jpg,a close up of a kite flying in the sky.,4.48514851485149
I567,Nude woman 4.jpg,a woman laying on top of a bed with a blanket.,3.87128712871287
I885,Wedding 12.jpg,a group of people sitting around a table eating food.,4.898148148148151
I163,Cliff diver 1.jpg,a person flying a kite on the beach.,4.83333333333333
I175,Cold 5.jpg,a yellow fire hydrant in the middle of a forest.,5.4907407407407405
I366,Frustrated pose 5.jpg,a man is taking a picture of himself brushing his teeth.,2.4607843137254903
I435,Horse racing 1.jpg,a man riding on the back of a brown horse.,4.2156862745098005
I440,Injury 4.jpg,a person holding a knife over a sandwich.,1.3921568627451
I556,Nude man 17.jpg,a man laying on a bed in a bedroom.,3.72277227722772
I794,Spider 2.jpg,a couple of birds standing on top of a dirt field.,2.90196078431373
I146,Cemetery 1.jpg,a couple of people standing next to each other on a bridge.,4.1078431372549
I817,Surgery 2.jpg,a group of people sitting at a table with laptops.,4.0
I517,Nature 2.jpg,a fire hydrant sitting in the middle of a forest.,5.66666666666667
I869,War 6.jpg,a close up of a person holding a motorcycle.,1.3921568627451
I242,Doctor 1.jpg,a woman in a white shirt is holding a cellphone.,4.66666666666667
I570,Nude woman 7.jpg,a woman holding a nintendo wii game controller.,5.178217821782179
I526,Neutral pose 3.jpg,a group of people walking down a sidewalk.,3.81188118811881
I655,Rafting 3.jpg,a group of people riding on top of mountains.,5.09803921568627
I293,Excited face 2.jpg,a woman is brushing her hair with a driveway sunlight.,5.82352941176471
I753,Skinhead 1.jpg,a group of people standing next to each other.,3.05555555555556
I140,Cat 11.jpg,a cat laying on top of a wooden table.,5.36633663366337
I612,Parasailing 4.jpg,a person is flying a kite in the sky.,5.30555555555556
I552,Nude man 13.jpg,a man in a blue shirt and tie standing in front of a wall.,4.2970297029703
I296,Excited face 5.jpg,a woman and a young girl standing next to each other.,5.6534653465346505
I392,Gazing 4.jpg,a man standing on a beach holding a surfboard.,4.49019607843137
I305,Explosion 4.jpg,a black and white photo of a black and white background.,2.5
I276,Dog 26.jpg,a large brown bear laying on top of a rock.,1.2962962962963
I886,Wedding ring 1.jpg,a vase filled with yellow flowers on top of a table.,5.75490196078431
I758,Skydiving 4.jpg,a group of people standing on top of a snow covered slope.,5.392156862745099
I862,Wall 4.jpg,a person holding a surf board in a body of water.,3.99009900990099
I240,Dirt 5.jpg,a baseball glove and a ball in the sand.,3.54455445544554
I341,Flood 1.jpg,a wooden bench sitting on top of a sandy beach.,2.36274509803922
I820,Surgery 5.jpg,a group of people standing around a table.,3.9901960784313704
I898,Yoga 4.jpg,a man standing on a beach holding a surfboard.,5.725490196078429
I535,Nude couple 9.jpg,a black and white photo of a woman sitting on a bench.,5.16666666666667
I524,Neutral pose 1.jpg,a man in a suit and tie standing in front of a body of water.,5.05882352941176
I479,Lightning 6.jpg,a flock of birds flying through a cloudy sky.,4.49019607843137
I489,Memorial 1.jpg,a row of park benches sitting on top of a grass covered field.,4.66666666666667
I342,Flood 2.jpg,a boat that is sitting in the water.,2.35643564356436
I606,Parachuting 3.jpg,a man flying through the air while riding a snowboard.,5.386138613861389
I870,War 7.jpg,a blue and white train engine and some people.,3.17821782178218
I846,Toilet 3.jpg,"a bathroom with a toilet , sink , and bathtub.",3.8333333333333304
I815,Sunset 6.jpg,a view of a beach with a large body of water in the background.,5.8148148148148096
I783,Soldiers 2.jpg,a group of people standing next to each other in front of a building.,4.00990099009901
I715,Scary face 2.jpg,a woman wearing a white shirt and black tie.,3.03960396039604
I667,Rock climbing 4.jpg,a man standing on top of a wooden bench.,4.2407407407407405
I632,Pinecone 1.jpg,a close up of a bunch of green bananas.,4.63725490196078
I259,Dog 9.jpg,a dog that is laying down on the ground.,4.127450980392161
I733,Shark 8.jpg,a small dog is standing on a surfboard.,4.06862745098039
I373,Galaxy 3.jpg,a yellow fire hydrant sitting on the side of a road.,5.450980392156861
I263,Dog 13.jpg,a dog sitting on a couch looking at the camera.,5.85294117647059
I644,Police 5.jpg,a group of men riding on the back of horses.,2.43137254901961
I492,Miserable face 1.jpg,a man wearing a hat and a hat.,3.5247524752475203
I522,Neutral face 4.jpg,a young girl wearing a red shirt and a tie.,3.89108910891089
I645,Pollution 1.jpg,a train traveling down train tracks next to a forest.,2.47524752475248
I830,Thunderstorm 6.jpg,a group of boats floating on top of a body of water.,4.5092592592592595
I608,Parade 1.jpg,a group of people standing next to each other.,5.648148148148151
I789,Soldiers 8.jpg,a man sitting on top of a snow covered slope.,2.5092592592592595
I790,Soldiers 9.jpg,a man standing next to a horse in a field.,3.4705882352941204
I354,Food 1.jpg,a white bowl filled with pasta and broccoli.,4.84313725490196
I267,Dog 17.jpg,a black and white dog laying on top of a grass covered field.,5.227722772277231
I595,Paper 1.jpg,a close up of a pair of shoes on a bed.,4.15841584158416
I415,Gun 5.jpg,a close up of a pair of scissors on a table.,2.92156862745098
I628,Pigeon 3.jpg,a small bird perched on top of a tree branch.,4.627450980392161
I871,War 8.jpg,a black and white photo of a boat in the water.,1.7156862745098
I572,Nude woman 9.jpg,a woman laying on top of a bed next to a white wall.,5.20588235294118
I169,Cockroach 4.jpg,a black and white dog sitting on top of a boat.,2.2843137254902004
I417,Gun 7.jpg,a close up of an air plane with a sky background.,2.8811881188118798
I212,Depressed face 2.jpg,a man in a suit and tie standing in front of a window.,3.82407407407407
I222,Dessert 5.jpg,a bunch of different types of doughnuts on a table.,5.534653465346531
I247,Doctor 6.jpg,a man in a suit and tie holding a cell phone.,4.38235294117647
I214,Depressed pose 2.jpg,a man holding a baseball bat in front of a fence.,3.4851485148514905
I861,Wall 3.jpg,a close up of a pair of scissors on a table.,4.05882352941176
I849,Tornado 2.jpg,a fire hydrant in the middle of a room.,3.51960784313725
I170,Coffee 1.jpg,a cup of wood and a doughnut on a table.,5.549019607843139
I252,Dog 2.jpg,a dog laying on the ground next to a frisbee.,5.9009900990099
I412,Gun 2.jpg,a man standing in a field holding a baseball bat.,2.74509803921569
I413,Gun 3.jpg,a close up of a person on a motorcycle.,2.9705882352941204
I424,Hang gliding 3.jpg,a man standing on top of a field flying a kite.,4.93137254901961
I571,Nude woman 8.jpg,a baby laying on a bed with a blanket.,5.372549019607839
I614,Path 1.jpg,a red fire hydrant sitting in the middle of a forest.,4.81372549019608
I617,Performance 1.jpg,a large display case filled with lots of different cakes.,5.57425742574257
I787,Soldiers 6.jpg,a group of baseball players standing next to each other.,4.09259259259259
I44,Bar 1.jpg,a display case filled with lots of bottles of wine.,4.90196078431373
I110,Camping 8.jpg,a group of people standing on top of a sandy beach.,3.55882352941176
I141,Cat 12.jpg,a cat laying on top of a couch next to a window.,5.1851851851851904
I151,Cheerleader 1.jpg,a woman in a pink dress holding a flower.,5.29411764705882
I158,Chipmunk 1.jpg,a brown bear sitting on top of a lush green field.,5.411764705882349
I159,Chipmunk 2.jpg,a lifted eating a piece of food in a bowl.,5.73529411764706
I176,Cold 6.jpg,a man riding skis down a snow covered slope.,4.96078431372549
I183,Couple 1.jpg,a man holding a nintendo wii game controller.,5.53921568627451
I249,Doctor 8.jpg,a group of people sitting around a table.,3.7326732673267298
I289,Eating 2.jpg,a woman holding a bunch of apples in her hands.,5.33333333333333
I369,Frustrated pose 8.jpg,a man holding a toothbrush in his mouth.,3.7407407407407405
I426,Happy face 1.jpg,a man and a woman posing for a picture.,5.47222222222222
I554,Nude man 15.jpg,a man and a woman standing next to each other.,3.86138613861386
I557,Nude man 18.jpg,a couple of men standing next to each other in a room.,3.53703703703704
I574,Nude woman 11.jpg,a woman sitting on the ground with a cell phone.,5.1851851851851904
I657,Rafting 5.jpg,a group of people riding on top of mountains.,5.18627450980392
