109,Camping 6.jpg,A man wearing a blue jacket and a headlamp lighting a fire on a pile of wood kindling in front of him.
56,Bark 5.jpg,The trunk of an old tree with a rough bark covering.
61,Beach 3.jpg,A person walking along a sandy seashore at dawn.
400,Grass 2.jpg,A close look at a strand of healthy green grass.
180,Cotton swabs 1.jpg,Blue and while cotton swabs sitting in a container.
121,Car crash 2.jpg,Two cars involved in a head-on collision
76,Bird 3.jpg,Gold and brown ducklings swimming with their mother on a pond.
84,Boat 1.jpg,An empty row boat floating on a body of water with a rope over one edge.
90,Bored pose 5.jpg,A girl with her elbows on the table and one hand on the side of her face with a bored expression.
96,Bridge 1.jpg,"An arched bridge in park  with tall trees in the background, and stones to the right of the bridge."
159,Chipmunk 2.jpg,A squirrel with his feet at the rim of a container held by somebody's hands.  The persons' fingers can be seen through.
95,Bricks 1.jpg,A square section of stones laid as a brick wall.
113,Candle 1.jpg,An assembly of lit orange and cream candles of different sizes set on a table.
97,Bubble 1.jpg,A glass ball with a reflection of a fence and a woman taking a picture.
143,Cat 9.jpg,A brown and white cat looking up with its eyes wide open and ears pointing forward.
111,Camping 8.jpg,Three boys playing in refugee camp with tents behin them.
112,Camping 9.jpg,"A person wearing a hat and coat with a sun tanned faced looking trough the opening of a tent, set in snow."
116,Car accident 1.jpg,""
117,Car accident 2.jpg,""
122,Car crash 3.jpg,""
124,Car race 2.jpg,""
128,Cardboard 2.jpg,""
132,Cat 11.jpg,""
133,Cat 12.jpg,""
135,Cat 14.jpg,""
140,Cat 6.jpg,""
141,Cat 7.jpg,""
146,Cemetery 1.jpg,""
149,Cemetery 4.jpg,""
151,Cheerleader 1.jpg,""
152,Cheerleader 2.jpg,""
153,Child labor 1.jpg,""
156,Child labor 4.jpg,""
158,Chipmunk 1.jpg,""
160,Chipmunk 3.jpg,""
163,Cliff diver 1.jpg,""
98,Bubble 2.jpg,Large soap bubbles floating in the air.
87,Bored pose 2.jpg,"A man with his hand on his cheek and his brow furrowed, with his lips curved downwards."
31,Astronaut 2.jpg,A man in a space suit shakes hands with a robot designed for space.
24,Animal carcass 3.jpg,"Two hyenas eating a four-legged animal in the grass, with two vultures watching behind them."
60,Beach 2.jpg,A vivid and colorful sunset over a body of water.
127,Cardboard 1.jpg,Stacked rows of brown corrugated cardboard.
120,Car crash 1.jpg,"A grey car on the side of a wet road, with its front portion completely smashed so that the engine is exposed."
129,Cardboard 3.jpg,A top down view of an assembled cardboard box.
57,Bark 6.jpg,A closeup image of greenish tree bark.
36,Baby 10.jpg,A boy and a teddy bear sit together on a wooden bridge.
136,Cat 2.jpg,A white and brown cat with green eyes standing on a rocky surface.
22,Animal carcass 1.jpg,A bird stands on the bones of a recently killed animal.
42,Baby 7.jpg,A crying baby with its eyes closed and its mouth open.
27,Animal carcass 6.jpg,A pride of lionesses feeding on the carcass of a freshly killed zebra.
59,Beach 1.jpg,A beach with several chairs on it.  The water is brilliant blue.  A breakwater is just off-shore.
161,City 1.jpg,An overhead view of a city full of tall buildings.
74,Bird 1.jpg,Two geese swimming on calm water at sunset.
78,Bird 5.jpg,"A man's hand, holding a black and white bird."
41,Baby 6.jpg,A small baby asleep on its side.
30,Astronaut 1.jpg,An astronaut on a space walk with the earth in the background.  The spacecraft is reflected in his face mask.
67,Bear 1.jpg,Two black bears sleeping on some rocks.
45,Band 1.jpg,"A marching band stands in a field in front of a crowd.  They wear red and black pants, jackets, and shakos.  The shakos have long white plumes."
53,Bark 2.jpg,Rough tree bark with moss growing on it.
126,Car race 4.jpg,Five race cars going around a track in tight formation.
26,Animal carcass 5.jpg,The headless carcass of a deer or antelope with some of its ribs exposed.
68,Bear 2.jpg,A grizzly bear faces the camera.
51,Barbeque 2.jpg,A man with grey hair feeding a child with blonde hair. The man is feeding the child a marshmallow on a stick.
29,Archery 2.jpg,A woman preparing to shoot an arrow at a target with four bullseyes on it.
25,Animal carcass 4.jpg,A jackal with its paw on the head of a dead antelope.
16,Angry face 2.jpg,"A brown haired woman in a black turtleneck sweater, showing her teeth and scrunching up her nose in an angry manner."
38,Baby 3.jpg,A baby of East Asian appearance lying on his belly with his head lifted up.  He is wearing a knit cap and is looking up at something to his right.  He has a teddy bear next to him and several larger bears behind him.
63,Beach 5.jpg,Two hands clinking champagne glasses in front of a beach at sunset.
82,Bloody knife 1.jpg,A knife is lying on a white cloth with a large blood stain around it. The blade of the knife is covered with blood.
54,Bark 3.jpg,A gray tree trunk with green moss growing on the bark.
55,Bark 4.jpg,Wood bark with shades of brown and grey color.
73,Billiards 1.jpg,"Two solid pool balls, one of which is red, the other yellow, and one striped red and white pool ball."
52,Bark 1.jpg,Brown tree bark with small black holes in it.
646,Power lines 1.jpg,Power lines on a snow-draped mountainside.
75,Bird 2.jpg,A swan with its wings outstretched alighting on a pond.
167,Cockroach 2.jpg,""
169,Cockroach 4.jpg,""
170,Coffee 1.jpg,""
188,Couple 6.jpg,A man embracing a woman from behind with his arm around her neck and shoulders.
322,Fire 3.jpg,A firetruck directing a stream of water at a huge fire.
173,Cold 3.jpg,""
175,Cold 5.jpg,""
176,Cold 6.jpg,""
256,Dog 14.jpg,A little terrier with its tongue hanging out and a bow on its head.
328,Fire 9.jpg,A man-made structure engulfed in rising flames.
323,Fire 4.jpg,A fire engulfing bushes by the shore of a lake after sundown.
297,Excited face 6.jpg,"A girl sitting at a desk with a pencil in her hand and writing in a note book, with a large smile on her face."
183,Couple 1.jpg,""
279,Dog 7.jpg,A husky lying with its face chin down on the ground and with its blue eyes open.
208,Dead bodies 1.jpg,A row of blood spattered bodies laid out on the floor.
284,Dog attack 3.jpg,A dog attacking a man running away from it.
257,Dog 15.jpg,A wet dog holding a stick in its mouth.
190,Couple 8.jpg,""
191,Couple 9.jpg,""
192,Crosswalk 1.jpg,""
193,Crow 1.jpg,""
182,Cotton swabs 3.jpg,"Q-tips in a jar, a few  show the handles in blue and yellow color"
290,Eating 3.jpg,A young happy boy eating a red radish.
209,Dead bodies 2.jpg,""
210,Dead bodies 3.jpg,""
212,Depressed face 2.jpg,""
214,Depressed pose 2.jpg,""
217,Desert 1.jpg,""
222,Dessert 5.jpg,""
236,Dirt 1.jpg,""
239,Dirt 4.jpg,""
240,Dirt 5.jpg,""
241,Dock 1.jpg,""
242,Doctor 1.jpg,""
243,Doctor 2.jpg,""
246,Doctor 5.jpg,""
247,Doctor 6.jpg,""
250,Doctor 9.jpg,""
252,Dog 10.jpg,""
258,Dog 16.jpg,""
259,Dog 17.jpg,""
262,Dog 2.jpg,""
263,Dog 20.jpg,""
264,Dog 21.jpg,""
267,Dog 24.jpg,""
270,Dog 27.jpg,""
273,Dog 3.jpg,""
274,Dog 30.jpg,""
275,Dog 31.jpg,""
276,Dog 4.jpg,""
292,Excited face 1.jpg,""
293,Excited face 2.jpg,""
296,Excited face 5.jpg,""
305,Explosion 4.jpg,""
309,Feces 1.jpg,""
310,Feces 2.jpg,""
317,Ferret 1.jpg,""
272,Dog 29.jpg,A mostly white dog with one brown ear lying on grassy ground.
225,Dessert 8.jpg,"A boy wearing a black and white striped hat, licking a chocolate and vanilla swirl ice cream cone."
168,Cockroach 3.jpg,"Orange and black bugs, crawling on brown wood."
223,Dessert 6.jpg,"A deep glass cup with a vanilla ice cream sundae, chocolate sauce, whipped cream and a cherry on top."
321,Fire 2.jpg,A chair and some branches sitting in front of a large fire.
319,Fire 10.jpg,Blackened branches in the foreground and fire in the background.
197,Cups 3.jpg,"White, green, blue, and yellow cups, sitting on a blue surface."
220,Dessert 3.jpg,"A brown cake with chocolate on the bottom, and orange slices and two white flowers on top."
205,Dancing 7.jpg,Three girls in a ring holding hands.  They are outdoors.  They have brown skin and straight black hair.
291,Elephant 1.jpg,"Two young elephants with their trunks on each other, with an adult elephant standing behind them."
324,Fire 5.jpg,A huge fire consumes stacks of wooden pallets.
288,Eating 1.jpg,"A girl eating food on a tray.  She has black hair, pink fingernails, and gold earrings.  Similarly dressed children are visible in the background."
313,Fence 3.jpg,A black chain-link fence with some round lights visible on the other side.
194,Crow 2.jpg,A crow perches on a tree branch.
251,Dog 1.jpg,"Two sled dogs in harness, running across a snowy field."
198,Cups 4.jpg,A group of clean drinking glasses stacked up on a reflective surface.
221,Dessert 4.jpg,"A bowl of light brown and dark brown cookies, sitting on a wooden surface."
254,Dog 12.jpg,"A brown and white beagle wearing a black collar, sitting with its mouth open."
261,Dog 19.jpg,"A dog on a leash with its mouth open, looking alertly towards the camera."
320,Fire 11.jpg,A forest is consumed by flames.  A river in the foreground has two deer standing in it.
303,Explosion 2.jpg,A silhouette of burnt trees in front of a large fiery explosion.
286,Drink 2.jpg,"Three shot glasses containing a brown liquid, sitting on a black reflective surface."
196,Cups 2.jpg,Five white mugs on a white countertop. Two mugs have stir sticks inside them
165,Cliff diver 3.jpg,One man diving and another man jumping feet first into a river.
260,Dog 18.jpg,"A short-haired brown dog and a guinea pig, lying side by side on a red couch."
227,Destruction 10.jpg,The smashed remains of an automobile in a pile of metal debris.
238,Dirt 3.jpg,Dried brown leaves on bare soil. Half of the area is in shade and half sunny.  A bare wooden branch is across the top.
287,Dummy 1.jpg,A bloody human body with its face blown off.
185,Couple 3.jpg,A woman sitting apart from a man on one end of a bench by a lake while looking away.
174,Cold 4.jpg,A styrofoam snowman with black bead eyes and a red bead nose wearing a red knitted scarf and winter hat.
283,Dog attack 2.jpg,A man wearing protective gear being bitten in the arm by a large dog.
383,Garbage dump 5.jpg,Magazines and pieces of cardboard boxes lying in the dirt.
335,Fireworks 2.jpg,""
336,Fireworks 3.jpg,""
599,Paper 5.jpg,A hand holding up a little cross-ruled notebook open to a blank page.
339,Fireworks 6.jpg,""
341,Flood 1.jpg,""
342,Flood 2.jpg,""
343,Flood 3.jpg,""
334,Fireworks 1.jpg,"Green, yellow, pink and blue fireworks in burst patterns in the sky."
363,Frustrated pose 2.jpg,A person sinking their face into their hands.
350,Flowers 6.jpg,""
351,Flowers 7.jpg,""
352,Flowers 8.jpg,""
353,Flowers 9.jpg,""
354,Food 1.jpg,""
377,Galaxy 7.jpg,Horsehead nebula with the pink light of hydrogen from protostars illuminating the background.
357,Food 4.jpg,""
386,Garbage dump 8.jpg,Brightly colored plastic and paper trash strewn around.
390,Gazing 2.jpg,A man gazing out while standing on a rock on a seashore in twilight with shallow water around.
332,Fire hydrant 4.jpg,A fire hydrant against a stone wall with plants on either side of it.
346,Flowers 2.jpg,"A bouquet of pink flowers containing mostly full blown roses, carnations and daisies."
347,Flowers 3.jpg,Close up of a pink Gerbera daisy among other flowers.
368,Frustrated pose 7.jpg,""
369,Frustrated pose 8.jpg,""
370,Funeral 1.jpg,""
371,Galaxy 1.jpg,""
432,Heart 2.jpg,Orange lock on a chain link fence with tall trees under in the background.
373,Galaxy 3.jpg,""
374,Galaxy 4.jpg,""
375,Galaxy 5.jpg,""
445,Jail 4.jpg,Iron bars across a prison cell with a bed visible between the bars.
379,Garbage dump 1.jpg,""
406,Graveyard 1.jpg,Sunset in a small cemetery.
349,Flowers 5.jpg,A bouquet of white and pink flowers with green leaves.
452,Keys 1.jpg,Collection of different size keys with key rings and tags.
410,Guitar 1.jpg,"A man playing guitar, sitting on a big stone and wearing a head scarf.  In the background is a lake with mountains."
392,Gazing 4.jpg,""
404,Grass 6.jpg,""
405,Grass 7.jpg,""
407,Graveyard 2.jpg,""
412,Gun 10.jpg,""
413,Gun 2.jpg,""
414,Gun 3.jpg,""
415,Gun 4.jpg,""
416,Gun 5.jpg,""
417,Gun 6.jpg,""
418,Gun 7.jpg,""
423,Hang gliding 2.jpg,""
424,Hang gliding 3.jpg,""
427,Happy face 2.jpg,""
433,Heart 3.jpg,""
435,Horse racing 1.jpg,""
438,Injury 2.jpg,""
439,Injury 3.jpg,""
440,Injury 4.jpg,""
457,Lake 11.jpg,""
458,Lake 12.jpg,""
471,Lake 9.jpg,""
478,Lightning 5.jpg,""
479,Lightning 6.jpg,""
487,Massage 2.jpg,""
488,Meerkat 1.jpg,""
489,Memorial 1.jpg,""
348,Flowers 4.jpg,"A bouquet of red, pink and yellow roses."
480,Lightning 7.jpg,"White lightning in a purple sky, with clouds above it and the silhouette of some bushes and rocks below it."
338,Fireworks 5.jpg,A yellow firework going off in a black night sky.
340,Fireworks 7.jpg,"Many red fireworks going off in the night sky, leaving white trails behind them."
425,Hangover 1.jpg,A bald man with his head down on a wooden table.  He grasps an empty liquor bottle in his right hand.  A shot glass can be seen behind his left arm.
475,Lightning 2.jpg,A lightning bolt with many branches striking ground at night near a row of houses with lighted windows.
459,Lake 13.jpg,Snowy mountains and pine trees reflected in a calm lake.  A parking lot is at the edge of the lake.
454,Knife 2.jpg,A blade lying in the middle of a charcoal fire.
403,Grass 5.jpg,Green grass with droplets of water on it.
473,Lava 1.jpg,An arching eruption of molten lava.
378,Galaxy 8.jpg,"A blue, red, and yellow image of space, with a cloudy nebula in the center and stars around it."
482,Lion 2.jpg,"A male lion, lying on the ground with its head on its paws, viewed through a grey chain-link fence."
481,Lion 1.jpg,A lion stands in front of gray rocks.  His head and mane are shown.
330,Fire hydrant 2.jpg,A bright red fire hydrant.
455,Lake 1.jpg,"Pine trees, with a body of water and more pine trees in the background."
443,Jail 2.jpg,A grimy prison cell with metal bunks and a washstand.  The rear wall is covered with graffiti.
448,KKK rally 2.jpg,"A large burning cross, with people in white robes and hoods circling around it."
356,Food 3.jpg,A bowl of oranges. Four of the oranges are cut in half.
442,Jail 1.jpg,Two rows of barred prison cells with a narrow walkway between them.
449,Keyboard 1.jpg,A close-up of a computer keyboard.  The layout is for German.
389,Gazing 1.jpg,A woman sits with her back to the camera looking out over a town.  The scene is dark.
358,Food 5.jpg,Several containers of raspberries.
399,Grass 1.jpg,A close up of rough green grass.
361,Frisbee 1.jpg,A frisbee team with some holding frisbees lined up for a group photograph on a playing field.
331,Fire hydrant 3.jpg,A silver fire hydrant with a red top against a wall and some vegetation.
382,Garbage dump 4.jpg,A shopping cart abandoned in a trash strewn environment.
477,Lightning 4.jpg,Two streaks of lightning reaching from dark clouds above to the ground.
460,Lake 14.jpg,A blue body of water next to bright green trees in front of a grey and copper mountain range.
490,Memorial 2.jpg,""
492,Miserable face 1.jpg,""
493,Miserable face 2.jpg,""
494,Miserable pose 1.jpg,""
550,Nude man 18.jpg,A man posing in his jock strap in front of a mirror.
498,Miserable pose 5.jpg,""
620,Picnic 1.jpg,Parents holding their young kids while sitting on a blanket on a lawn in a park.
610,Parasailing 2.jpg,A paraglider flying above bucolic farmland alongside a lake.
502,Monkey 3.jpg,""
631,Pigeon 6.jpg,Pigeons eating something spilt on a sidewalk.
605,Parachuting 2.jpg,A paraglider in the sky against a backdrop of sunlight and dark clouds.
576,Nude woman 20.jpg,A woman showing her breasts with pierced nipples.
624,Pig 1.jpg,A spotted pig standing on one side of a two-wire fence.
507,Mother 3.jpg,A pregnant woman with her hands above and below her exposed abdomen.
600,Paperclips 1.jpg,Paper clips on a table with a bunch more in the background
516,Nature 1.jpg,""
517,Nature 2.jpg,""
582,Nude woman 6.jpg,A woman lying on her side with her left finger under her chin. She is looking at the viewer.
521,Neutral face 3.jpg,""
522,Neutral face 4.jpg,""
590,Office supplies 5.jpg,"A desk calculator at the edge of a table, to the left is a stapler  and two pens."
524,Neutral pose 1.jpg,""
515,Musician 1.jpg,A man concentrating on playing double bass.
526,Neutral pose 3.jpg,""
510,Mother 6.jpg,"A woman kissing her baby in a tender and loving way, holding her inside her arms.  The baby is happy."
611,Parasailing 3.jpg,Two people parasailing under a large parachute with a tow rope going off the picture.
500,Monkey 1.jpg,A monkey staring with its piercing eyes and its mouth wide open.
532,Nude couple 14.jpg,""
603,Paperclips 4.jpg,A bunch of staples interlinked with each other.
591,Opossum 1.jpg,Possum showing teeth in wide open mouth with a frightening posture.
535,Nude couple 4.jpg,""
537,Nude couple 6.jpg,""
540,Nude couple 9.jpg,""
543,Nude man 11.jpg,""
544,Nude man 12.jpg,""
545,Nude man 13.jpg,""
548,Nude man 16.jpg,""
552,Nude man 2.jpg,""
553,Nude man 20.jpg,""
554,Nude man 21.jpg,""
556,Nude man 23.jpg,""
558,Nude man 4.jpg,""
562,Nude man 8.jpg,""
563,Nude man 9.jpg,""
567,Nude woman 12.jpg,""
570,Nude woman 15.jpg,""
571,Nude woman 16.jpg,""
572,Nude woman 17.jpg,""
584,Nude woman 8.jpg,""
592,Orangutan 1.jpg,""
595,Paper 1.jpg,""
598,Paper 4.jpg,""
606,Parachuting 3.jpg,""
608,Parade 1.jpg,""
612,Parasailing 4.jpg,""
614,Path 1.jpg,""
617,Performance 1.jpg,""
619,Phone 1.jpg,""
627,Pigeon 2.jpg,""
628,Pigeon 3.jpg,""
641,Police 2.jpg,""
643,Police 4.jpg,""
644,Police 5.jpg,""
587,Office supplies 2.jpg,A stapler with a blue top and white base sitting on a white surface.
635,Pinecone 4.jpg,Four brown pine cones in a tree with no leaves or needles.
503,Monkey 4.jpg,"A monkey's hand, with black nails and brown fur, holding a black chain link fence."
491,Memorial 3.jpg,Rows of closely spaced white crosses in a cemetery.
520,Neutral face 2.jpg,A dark skinned man with black hair wearing square glasses. He has a short beard.
634,Pinecone 3.jpg,Three brown pine cones in a green pine tree.
542,Nude man 10.jpg,"A hairy naked man standing in the shower, wearing a necklace."
633,Pinecone 2.jpg,A backlit photo of a pine cone sitting on a blue surface.
632,Pinecone 1.jpg,Three brown pine cones on a piece of wood. One of the pine cones is mostly cut off.
573,Nude woman 18.jpg,"A woman wearing a black bra, underwear, and high heels, sitting on a white couch. The woman has a pierced belly button."
597,Paper 3.jpg,"A stack of white paper, fanned out near the top."
618,Performance 2.jpg,People at a large indoor event held in a sports arena.
589,Office supplies 4.jpg,"Pencils, pens, and markers in a black pencil holder. They are pink, blue, red, green, and black."
596,Paper 2.jpg,A yellow pad of paper on a speckled beige surface.
586,Office supplies 1.jpg,A tangled pile of rubber bands.
630,Pigeon 5.jpg,A pigeon with green throat feathers standing on a piece of wood.
593,Ornament 1.jpg,"A red, gold, and black Christmas ornament with a pink ribbon on top."
529,Nude couple 11.jpg,""
575,Nude woman 2.jpg,A dark-skinned nude woman with tattoos on her forearms.
508,Mother 4.jpg,A blond-haired woman kisses a baby wearing a blue and white striped cap and a blue coat.
642,Police 3.jpg,Two motorcycle policeman are leading two long lines of motorcyclists on a long tree-lined street during the day.  The lines disappear over a hill in the distance
541,Nude man 1.jpg,A bearded fit-looking man with no shirt stands looking to his left.  He has on a cap and a pair of work gloves.  He appears to be pulling off the left one.
531,Nude couple 13.jpg,"A silhouette of a man and woman in each other's arms, kissing in front of the waves on a beach."
607,Parachuting 4.jpg,"A man wearing a helmet, goggles, and a camouflage jumpsuit, jumping out of an airplane."
594,Paintbrush 1.jpg,A paint brush with damaged and worn bristles lying on a brown and green burlap sack.
645,Pollution 1.jpg,""
698,Sad pose 2.jpg,A woman with her back to us bending her disheveled head down.
781,Solar panel 1.jpg,Solar panels arranged in a geometric fashion on a field.
652,Raccoon 1.jpg,""
655,Rafting 3.jpg,""
657,Rafting 5.jpg,""
649,Prison 1.jpg,Railroad tracks branching off in front of a train station.
659,Railroad 1.jpg,""
661,Rainbow 2.jpg,""
662,Research 1.jpg,""
800,Storage 1.jpg,Shipping containers next to and on top of one another.
799,Stingray 3.jpg,A sea ray with its eyes open and blue spotted coloring swimming by.
747,Sidewalk 4.jpg,An elevated walkway paved with stones meandering past trees and houses.
802,Storage 3.jpg,Multi-level stacks of beer barrels on wooden pallets.
685,Rugby 1.jpg,Rugby players tackling an opposing player who has the ball.
716,School 1.jpg,A woman demonstrating something in front of a class of children.
721,School 6.jpg,Two young girls sitting at a desk in a room and writing in their notebooks.
771,Snake 5.jpg,A diamondback snake moving on a sandy area looking menacing.
687,Running away 1.jpg,""
774,Snow 2.jpg,"Sand dune next to blue water, with particles of sand blown in the air."
670,Rocks 3.jpg,A bunch of smooth wind- and sea-weathered rocks.
681,Roofing 4.jpg,A tiled roof with a lot of broken tiles.
694,Sad face 7.jpg,""
695,Sad face 8.jpg,""
680,Roofing 3.jpg,Stained brown semi-circular tiles on a roof.
719,School 4.jpg,Barefoot children at recess in a school courtyard.
700,Sad pose 4.jpg,""
701,Sad pose 5.jpg,""
656,Rafting 4.jpg,"A group of youngsters wearing helmets, lifevests and waterproof clothes on a whitewater raft."
665,Rock climbing 2.jpg,A man climbing a rock with rope and chain support
754,Sky 1.jpg,Blue skies and white clouds over blocks of apartment buildings.
653,Rafting 1.jpg,Rafters going over a fall in white river.
715,Scary face 2.jpg,""
723,School 8.jpg,""
726,Shark 1.jpg,""
728,Shark 11.jpg,""
733,Shark 6.jpg,""
753,Skinhead 1.jpg,""
758,Skydiving 4.jpg,""
760,Skyscraper 1.jpg,""
773,Snow 1.jpg,""
776,Snow 4.jpg,""
777,Snow 5.jpg,""
783,Soldiers 10.jpg,""
784,Soldiers 2.jpg,""
786,Soldiers 4.jpg,""
787,Soldiers 5.jpg,""
788,Soldiers 6.jpg,""
789,Soldiers 7.jpg,""
790,Soldiers 8.jpg,""
794,Spider 2.jpg,""
729,Shark 2.jpg,A grey shark with teeth showing swimming in dark blue water.
772,Snake 6.jpg,A black and yellow snake coiled up on top of some pieces of wood.
735,Shark 8.jpg,"A shark swimming in a body of blue water, with a second shark behind it."
682,Roofing 5.jpg,Nine rows of reddish bricks.
744,Sidewalk 1.jpg,Two sewer grates in the middle of a paved brick road.
724,Seal 1.jpg,Two sea lions face each other with open mouths.
736,Shark 9.jpg,"A grey shark with five fins visible, swimming in blue water with a fish behind it."
769,Snake 3.jpg,A black and white snake lying coiled in green grass.
793,Spider 1.jpg,"A spider in silhouette, hanging upside-down in its web."
689,Sad face 2.jpg,"A young child with blue eyes, wearing a brown hooded fleece sweater, and crying."
664,Rock climbing 1.jpg,"A woman in a green and white plaid shirt, rock climbing on brown rocks."
666,Rock climbing 3.jpg,"A man in a shirt with cut-off sleeves, holding on to a mossy rock while rock-climbing."
741,Shot 4.jpg,An empty syringe lies on a hard light brown surface.  A needle at right angles to it is touching it at the end.
720,School 5.jpg,"A group of students, sitting in front of a blackboard with Asian characters written on it."
651,Pumpkin 1.jpg,Four pumpkins of various sizes and shapes lined up in a row
678,Roofing 1.jpg,A tiled roof with some tiles broken and some tiles missing
674,Rocks 7.jpg,"Turquoise, grey, and white pebbles."
650,Prison 2.jpg,Barbed wire on top of a wooden picket fence.
778,Soccer 1.jpg,A yellow and green soccer ball lying in a field near chalk lines.
755,Skydiving 1.jpg,Seven sky divers in free fall in close formation.  Two divers have yellow smoke streaming from their boots and a third has green smoke.  Mountains are below them.
708,Scared cat 1.jpg,A gray and black striped cat stares up at a much larger dog with a white muzzle and brown and black fur.
767,Snake 1.jpg,"A brown snake lies coiled on dry, leaf-covered ground."
746,Sidewalk 3.jpg,Grey paving stones in arcs.
779,Soccer 2.jpg,"A close-up of a colorful soccer ball lying on the grass, with a stadium in the background."
797,Stingray 1.jpg,A ray resting on the seabed with a small striped fish swimming above it.
693,Sad face 6.jpg,A little girl with long hair standing in front of a gate or fence.
768,Snake 2.jpg,A close view of a coiled snake with red and black markings on the ground.
759,Skydiving 5.jpg,Three skydivers with one who has just started deploying his parachute.
675,Rollercoaster 1.jpg,A crowd of people in a red roller coaster car going down a slope.  One rider has his arms raised over his head.
679,Roofing 2.jpg,Copper covered tiles on a roof or sloped plane.
677,Rollercoaster 3.jpg,"A yellow roller coaster full of people, coasting on a red rail."
712,Scared face 4.jpg,A man covering his mouth with his hand. His eyes are wide in an expression of shock.
803,Street 1.jpg,""
876,Wedding 11.jpg,A bouquet of flowers with a white ribbon lying on gray stone steps.
815,Sunset 6.jpg,""
883,Wedding 7.jpg,A ring tied with red and white ribbons lying on a small pink pillow.
817,Surgery 2.jpg,""
640,Police 1.jpg,Policemen wearing helmets and body armor lined up in front of a building.
846,Toilet 3.jpg,A toilet with three urinals on each of the two walls.
820,Surgery 5.jpg,""
823,Swimming 1.jpg,""
824,Swingset 1.jpg,""
888,Wolf 1.jpg,A wolf sitting in a snow back licking its lips behind an enclosure.
829,Thunderstorm 3.jpg,""
830,Thunderstorm 4.jpg,""
869,War 6.jpg,A little girl facing a machine gun pointed at her.
832,Thunderstorm 6.jpg,""
893,Yarn 3.jpg,Four bobbins of orange thread lined up in a row.
835,Thunderstorm 9.jpg,""
838,Tiger 2.jpg,A  large orange and black  tiger looking straight with the mouth open and the tongue showing.
841,Timber 3.jpg,""
842,Timber 4.jpg,""
889,Wolf 2.jpg,A wolf baring its fangs in a menacing manner.
821,Surprise 1.jpg,Water being splashed on a bespectacled woman who has her eyes screwed shut.
848,Tornado 1.jpg,""
849,Tornado 2.jpg,""
852,Tornado 5.jpg,""
854,Traffic 1.jpg,""
857,Volcano 2.jpg,""
859,Wall 1.jpg,""
860,Wall 2.jpg,""
861,Wall 3.jpg,""
862,Wall 4.jpg,""
863,Wall 5.jpg,""
866,War 3.jpg,""
870,War 7.jpg,""
871,War 8.jpg,""
877,Wedding 12.jpg,""
882,Wedding 6.jpg,""
884,Wedding 8.jpg,""
885,Wedding 9.jpg,""
886,Wedding ring 1.jpg,""
894,Yarn 4.jpg,""
898,Yoga 4.jpg,""
900,Zebra 1.jpg,""
813,Sunset 4.jpg,"A body of water in front of some mountains, with a sunset in the sky above reflecting onto the water."
3,Acorns 3.jpg,Five acorns arranged in a circle on a black background. Slightly wilted leaves are next to the acorns.
748,Sidewalk 5.jpg,"White, grey, and blue paving stones arranged in arcs."
837,Tiger 1.jpg,A tiger with its mouth open.  It is lying down and has a chain around its neck.
891,Yarn 1.jpg,A black and white photo of three spools of thread.  Two are upright and one is lying on its side.
798,Stingray 2.jpg,An orange and dark blue ray in light blue water.
669,Rocks 2.jpg,Different sizes and shades of grey rocks with smooth edges.
647,Present 1.jpg,"A green present wrapped in blue ribbon, a purple present wrapper in lavender ribbon, and a pink present with white dots wrapped in a pink ribbon."
1,Acorns 1.jpg,Two acorns are lying on the ground next to some oak leaves.
890,Woods 1.jpg,"Two tree trunks and five rocks in the foreground, with more trees in the background partially obscured by smoke."
858,Volcano 3.jpg,"A volcano with smoke rising out of it, behind a green field and trees."
231,Destruction 5.jpg,"A dirty American flag and white shoe, lying in broken wood with plants growing through it."
782,Soldiers 1.jpg,"A line of soldiers silhouetted against a sunset background, standing in front of an airplane."
872,Waterfall 1.jpg,"A black and white image of a large waterfall, with the lights of a city behind it."
887,Windmill 1.jpg,A modern windmill.
204,Dancing 6.jpg,"A group of hula dancers in green floral dresses with green and yellow leis around their necks.  They have garlands around their heads, wrists, and ankles."
808,Sun 1.jpg,"A closeup image of the sun, with stars and space visible in the top left hand corner."
822,Surprise 2.jpg,"A happy child with wide open mouth holding a toy cell phone to his right ear.   The child has black hair with fringes with big brown eyes, a yellow and white shirt."
397,Goat 2.jpg,"A white goat standing on hay and green grass, with its head low to the ground."
840,Timber 2.jpg,"Cut logs with the bark still attached, stacked on top of each other."
853,Torture chamber 1.jpg,"Torture tools, including a rack, cuffs,and chains. There is also a sword and some helmets in the background."
874,Wedding 1.jpg,"A man in a black striped tuxedo and white dress shirt, placing a wedding ring on a woman's hand."
295,Excited face 4.jpg,"A chef whose mouth is open, wearing a white paper hat and blue shirt with an embroidered star on the lapel"
865,War 2.jpg,A group of soldiers standing behind artillery which has just been fired. Smoke is shooting out of the artillery and the shell is visible just above the barrel.
826,Thunderstorm 10.jpg,A lightning bolt striking the ground behind some trees.
867,War 4.jpg,A group of soldiers running through sandy terrain carrying rifles.
806,Street 4.jpg,A two-lane road with a solid line on the left and a broken line on the right to divide it. Dirt and trees are on the side of the road.
828,Thunderstorm 2.jpg,"An image of cloudy skies, with blue lightning coming from the sky and striking towards a tree below."
804,Street 2.jpg,A straight two-lane road passing through brown treeless hills with patches of snow on them.
868,War 5.jpg,Soldiers wading ashore from landing craft at Normandy.
864,War 1.jpg,A black and white photo of a boy aiming a pistol.
839,Timber 1.jpg,"A pile of wood fills the bottom half of the image, with blue skies in the top half. White and grey clouds are in the blue sky."
844,Toilet 1.jpg,two urinals side by side on a white tile wall.  A thin partition divides them. There is a rectangular flushing button above each.
825,Thunderstorm 1.jpg,Dark clouds and a rainstorm threatening a town.
847,Toilet 4.jpg,A toilet in a partially demolished bathroom with graffiti on the lid and the tank.
761,Skyscraper 2.jpg,High-rise buildings with floor-to-ceiling windows next to a river. One of the buildings has a red elevator that runs down to the river.
559,Nude man 5.jpg,Four shirtless men in black pants smiling. One of them men has his phone in his waistband. Two of the men are tattooed.
281,Dog 9.jpg,A medium sized black and brown dog with stubby ears and a greying muzzle that is standing on a gravel and mulch bed.
702,Sad pose 6.jpg,"An old woman wearing a red scarf, with her hand held against her face. The background is very blurry - a house with grass in front of it."
137,Cat 3.jpg,A black and white photograph of a kitten with a person touching its nose with his finger.
32,BDSM 1.jpg,"A group of people with bondage tools and clothing while a larger crowd looks on.  One woman's breasts are bare, another holds a whip.  A man who is smiling holds a whip."
816,Surgery 1.jpg,A surgeon making an incision in the belly of a female animal with light brown fur.
472,Lamb 1.jpg,"A lamb with short fleece, running on green grass."
533,Nude couple 2.jpg,"A dark haired man wearing glasses and a white collared shirt, kissing a dark haired woman wearing a white tank top."
539,Nude couple 8.jpg,"A dark-skinned woman with a sheet wrapped around her, being caressed by a light-skinned man wearing a silver watch, in a bed with white sheets."
732,Shark 5.jpg,"A shark swimming in front of a reef, with its teeth showing. The front half of the shark is visible."
456,Lake 10.jpg,"A brown pier with low wooden guards on the side, in a body of water with large mountains in the background and a yellow sky."
453,Knife 1.jpg,"A black and white photo of a folding knife, pointing into a table at an angle, with silver circles on its black handle."
166,Cockroach 1.jpg,"A cockroach flipped upside down, lying on a red floor with rocks embedded in it."
831,Thunderstorm 5.jpg,"Purple lightning in a purple sky, causing a lens flare in the top right of the image."
546,Nude man 14.jpg,"Three shirtless men, looking at something to the left of the image. A black woman is videotaping them in the background."
514,Motocross 1.jpg,A BMX motorcycle jumping through the air over a brown and green background.  The rider is wearing black and white motorcycle gear.
103,Bungee jumping 3.jpg,"A smiling woman wearing an orange top and blue shorts, held by a bungee jumping apparatus, suspended over water and trees."
429,Happy pose 2.jpg,"Young men and women wearing suits and dresses, carrying red and yellow balloons and looking up."
672,Rocks 5.jpg,Different shades of grey rocks with smooth edges.
560,Nude man 6.jpg,"A shirtless man wearing green shorts talking to a shirtless man wearing blue shorts, standing in front of the water on a beach."
663,Road 1.jpg,"A green car with a person's legs sticking out the window, sitting in the middle of a road with trees on both sides."
102,Bungee jumping 2.jpg,A falling man attached to a bungee jumping apparatus.  He is wearing a white shirt and black sunglasses.
420,Gun 9.jpg,"A black rifle with a scope attached, lying next to a camouflage pattern rifle bag."
476,Lightning 3.jpg,Lightning with many branches in a purple sky over a city on the water.
474,Lightning 1.jpg,Yellow lightning hitting the water between two large dark rock formations.  The lightning and rocks are reflected in the water.
578,Nude woman 22.jpg,A topless blonde woman kneeling on a red couch.  Her leg is tattooed above the ankle.
703,Sad pose 7.jpg,"A black and white drawing of a man holding a wounded woman, with a gun lying next to them."
10,Alcohol 7.jpg,A bar with several bottles of wine and a partially-filled wine glass on it.  Three shelves full of bottles are in the background.
298,Excited face 7.jpg,A freckled boy with braces on his teeth.  He is wearing a red helmet with a grate across the face.
879,Wedding 3.jpg,The hands of a man and woman.  The woman is placing a silver wedding band on the man's finger.   She wears a matching wedding band and a bracelet.
880,Wedding 4.jpg,"A three-tiered cake, with pink and yellow frosting on it, and purple, pink, and yellow flowers. Blue plates are next to it."
434,Horse 1.jpg,"Two nuzzling horses, one with a white and brown head and brown mane, the other with a brown head and blonde main, in a grassy field."
465,Lake 3.jpg,A two-story house with a balcony on the second floor and shutters on the windows.  A sloping field is behind it and a pond that reflects the house is in front of it.
499,Money 1.jpg,"Stacks of gold-colored pound coins, with the amount in each stack increasing from left to right."
621,Picnic 2.jpg,Two girls both biting the same piece of watermelon.  They are sitting on a blue blanket in a grass field.
750,Skier 1.jpg,A composite time-lapse image of a skier in white pants and a red jacket jumping off a snowy ramp.
184,Couple 2.jpg,"A man and a woman with their arms around each other, sitting on a white bench in front of a large house. The man is carrying a bouquet of flowers."
818,Surgery 3.jpg,"Surgeons and a nurse wearing masks and gowns, with blood on their gowns and gloved hands. A patient is on an operating table behind them. The surgeons are turned away, selecting tools to use."
743,Siblings 1.jpg,A young girl lying next to an infant on a piece of fabric with flower and leaf patterns on it.  Both of them are wearing white clothes.
28,Archery 1.jpg,A man in a flannel shirt and brown hat shooting an arrow from a bow.
4,Alcohol 1.jpg,Two cocktails are on a brown wooden table.  The cocktail in front is white and one behind it is brown.  Two napkins with a logo on them are under the cocktails.
83,Bloody knife 2.jpg,"A serrated knife blade, pushing into someone's hand, with a bright red liquid on the blade."
215,Depressed pose 3.jpg,A black and white photo of a woman sitting on the ground with one hand over her face and the other on top of her head.
234,Destruction 8.jpg,"A wrecked red Corvette, surrounded by broken wood and other trash. Gatorade and water bottles sit on a black table in front of it"
9,Alcohol 6.jpg,"Two rows of rose and red wine bottles, lying in wood racks"
11,Alcohol 8.jpg,"Two glasses of champagne and a bread and cheese plate, outdoors in front of a body of water and a pier."
101,Bungee jumping 1.jpg,A man in free fall attached to a blue bungee jumping apparatus.  A river and mountain are below him.  He is wearing a white shirt and blue pants.
637,Plane crash 2.jpg,"A wreck of an airplane with the cockpit caved in, sitting in black dirt."
683,Rooster 1.jpg,"Four roosters with brown and black feathers, with two looking straight forward and two looking sideways."
232,Destruction 6.jpg,"A group of women looking at a destroyed brick building, standing in front of a destroyed fence post and a pile of rubble."
796,Statue 2.jpg,"A greenish rock with eyes, a nose, and a smile carved into it."
327,Fire 8.jpg,A line of people who are blowing fire out of their mouths.
725,Severed finger 1.jpg,"A hand with a severed finger, in a plastic glove. The severed finger is bloody and wrapped in black material."
873,Weapon 1.jpg,"A gun battery on a boat, firing. There is a muzzle flash and blue water can be seen behind it."
365,Frustrated pose 4.jpg,"A black and white picture of a man with a beard and dark hair, wearing a white collared shirt and pressing a hand to his forehead."
325,Fire 6.jpg,"A roaring fire, with timber silhouetted in the bottom of it and red embers visible among the timber."
673,Rocks 6.jpg,Different shades of grey rocks with sharp edges.
547,Nude man 15.jpg,"Three shirtless men in their underwear, standing in a blue room. One of the men is black, the other two are white."
713,Scared face 5.jpg,"A black and white photo of a woman with her eyes wide, lying in a bed and holding a white sheet over half her face."
33,BDSM 2.jpg,Three women and two men with bondage gear walk down the street as a crowd looks on.   One woman carries a whip.  Another has bare breasts with a leather bodice supported by chains.
428,Happy pose 1.jpg,"A man in sandals, shorts, and a white shirt, jumping with his hands above his head and his legs pulled behind him over a brown field. In the background, mountains can be seen."
792,Soup 1.jpg,A woman holding a white cup with a red liquid in it. Her nails are painted turquoise.
527,Nude couple 1.jpg,A shirtless man with dark hair holding a woman and pressing his face against her back.
561,Nude man 7.jpg,A man showering outside in front of a green tree.
505,Mother 1.jpg,"A silhouette of a woman holding a child above her head, with a yellow sky and water behind her."
897,Yoga 3.jpg,"A woman standing on one leg on a beach, with two boats in front of her in the water and smoke rising in the distance."
77,Bird 4.jpg,"A green bird with an orange beak, looking at a pink, purple, and blue bird with a black beak. Behind them is a chain link fence and a tree."
601,Paperclips 2.jpg,"Green, white, red, yellow, pink, black, and blue paperclips in a large pile."
177,Cold 7.jpg,"A leafless tree, covered in snow. The ground below the tree is also covered in snow, and tracks can be seen to the right of the tree."
762,Sleepy pose 1.jpg,A sleeping girl with blonde hair lying on a white sheet.
709,Scared face 1.jpg,A man is peering over a shelf and grasping it with his hands.
58,Barrels 1.jpg,"Four barrels.  One is brown, two are grey, and one is a darker brown."
667,Rock climbing 4.jpg,Two men.  One is wearing a red and blue shirt and the other is wearing a yellow shirt.  They are rock-climbing on brown rocks without rope.
615,Penguins 1.jpg,A large group of penguins stands in an ice field.  Water and ice cliffs are in the background.
199,Dancing 1.jpg,"A man doing a cartwheel in a grass field.   He is wearing sneakers and a t-shirt.  The photo has been taken with a wide-angle lens.  It is black and white, except for the sky, which is dark blue."
207,Dancing 9.jpg,"Six women dancing, wearing large silver and red headdresses and bright yellow dresses. 
 They are holding their hands on their hips."
301,Exercise 3.jpg,Two groups of men rowing in black rubber rafts with green oars.  They are wearing camouflage pants.
253,Dog 11.jpg,A brown dog sitting on a garden path.  His mouth is open and his mottled tongue is hanging out.  He has a chain collar around his neck.
145,Celebration 2.jpg,A man in a hat holding five lit torches in front of water with other people standing behind him.  All appear in silhouette.
504,Moon 1.jpg,A picture of the full moon against a dark background.  Maria and craters are visible on its surface.
441,Intensity 1.jpg,"A red-faced woman with brown hair, baring her teeth angrily."
430,Happy pose 3.jpg,"A boat sailing towards a bridge, on which four people are jumping into the air. A lens flare is behind the people."
763,Sleepy pose 2.jpg,"A sleeping guard, wearing a blue uniform, a tie, and a hat with an insignia on the front of it."
171,Cold 1.jpg,"A large ship with smoke rising from its funnel, followed by a smaller two-masted ship.  They are surrounded by sea ice."
436,House 1.jpg,A house with an ornately carved stone doorway.  The wall on one side is decorated with tiles.  The window bars and lamp post are wrought iron.
845,Toilet 2.jpg,"Three white urinals with silver detectors above them, in a bathroom with brown tiled floor and cream tiled walls."
850,Tornado 3.jpg,A tornado in the distance.  A house with a green roof and a tree are in the foreground.
881,Wedding 5.jpg,"A black and white photo of a man's hand underneath a woman's hand. The woman is wearing a silver bracelet, long white gloves, and a wedding dress. She is holding two wedding rings."
14,Ambulance 3.jpg,"An ambulance, a helicopter, and a fire truck are in a flat paved area. Several firemen are walking around."
12,Ambulance 1.jpg,"A man driving a motorcycle with a sidecar stretcher containing an injured man with a white bandage around his head. In the background, a row of men are standing next to horses."
431,Heart 1.jpg,A heart-shaped keyhole on a brown wood surface.  It is held in place by three screws.
833,Thunderstorm 7.jpg,"Lightning in a mostly dark sky, with a large white spot in the center where the lightning originates."
360,Football player 1.jpg,"A football player is carrying the ball, while a player on the ground tries to pull him down by tugging on the sleeve of his jersey with both hands."
469,Lake 7.jpg,"A glassy body of water with grey rocks in it, and pine trees in the background. Behind the pine trees, snowy mountains can be seen."
47,Bar 1.jpg,"A bar with beer taps.  A glass of dark beer with a shot of whiskey beside it are on the bar. 
 Two rows of liquor bottles are on shelves in back."
791,Soldiers 9.jpg,A soldier wearing camouflage and carrying a gun stands on a pile of rocks.  A military vehicle is in the background.
836,Tickling 1.jpg,"A boy wearing a blue shirt, laughing as another person tickles him."
851,Tornado 4.jpg,A tornado is moving across a flat field.  A black cloud of dirt surrounds its base.  At the top of the funnel is a large dark cloud.
355,Food 2.jpg,"A large platter of various kinds of sushi, with more sushi in the background."
692,Sad face 5.jpg,The head and bare shoulders of a young girl.  She is looking to her right and is wearing earrings.
144,Celebration 1.jpg,Five hockey players embrace in a tight circle.  They have their arms on each other's backs and hold their sticks pointing upwards.
213,Depressed pose 1.jpg,A black and white photo of a man in a plaid shirt holding his head in his hands.
237,Dirt 2.jpg,An unpaved road that goes through a field towards some mountains in the distance.
690,Sad face 3.jpg,"The face of a man with blue eyes, a large nose and a worried look on his face."
89,Bored pose 4.jpg,A man sitting on a chair with his head tilted back and his eyes open gazing at something above.
311,Fence 1.jpg,A chain link fence just in front of a yellow wall on which it is casting shadows.
684,Rubber duck 1.jpg,A giant rubber duck floating on a lake with a very tall building visible in the background
380,Garbage dump 2.jpg,"Many bottles and other litter lying on the sand at a beach, with the water visible behind them."
15,Angry face 1.jpg,A haggard looking black man in a dirty t-shirt and knit cap with glasses perched on top of his head.
178,Cold 8.jpg,Two snowmen with carrot noses and eyes in a snowy field.
344,Flowers 1.jpg,"Green, red, pink, white, and yellow flowers above a black stone surface."
419,Gun 8.jpg,"A man in a black jacket wearing a gold wedding ring, opening a shotgun with a wooden handle and exposing two shells."
86,Bored pose 1.jpg,A boy leans against a wall in a roughly finished room in front of window.  The wall next to the window has artwork drawn on it.
528,Nude couple 10.jpg,"A blonde haired woman in a white top, with a man lying down next to her with his head in her lap."
462,Lake 16.jpg,Sunrise with a lake in the foreground from which the mists are rising as the sun's rays shine through the trees around the lake.
49,Bar 3.jpg,Rows of liquor bottles with pouring spouts
639,Plane crash 4.jpg,A single-engine plane lies upside-down near some trees.  Its landing gear is twisted and the wing in the foreground is broken.
40,Baby 5.jpg,A baby girl is on all fours at a beach.  She is wearing a white dress with red trim.
359,Food 6.jpg,"Several skewers are on a grill.  They contain bell peppers, onions, and meat."
50,Barbeque 1.jpg,Two hands holding a glass of beer and skewers with grilled okra on them.  A man in a yellow hat is removing a piece of okra from the skewers.
691,Sad face 4.jpg,"A black and white photo of an old man with  bushy eyebrows, wearing a collared sweater."
738,Shot 1.jpg,Hands wearing gloves inserting a needle into a bump on a person's arm.
318,Fire 1.jpg,A man breathing fire from his mouth.  He wears a turban and several necklaces.
35,Baby 1.jpg,An infant grasps an adult finger in his hand.
421,Hallway 1.jpg,"A stone passage with two black pipes running along it, supported on stone posts.  There are filled-in window openings with X's marked above them.  The floor appears wet."
248,Doctor 7.jpg,"A surgeon operates on a draped patient, assisted by a nurse.  Various instruments are around the lower part of the patient's body and an imaging device is over his exposed skin."
671,Rocks 4.jpg,Rounded wet stones of various sizes and colors.
91,Bored pose 6.jpg,A child looks out a rain-covered window with his head resting on his hand.
233,Destruction 7.jpg,"A tree with garbage hanging off it, in front of a wooden structure that has been destroyed and is also covered in garbage. A blue car is in the background."
534,Nude couple 3.jpg,A woman wearing a pink shirt kissing a man wearing a green short sleeved shirt.
186,Couple 4.jpg,A man and woman embracing at the water's edge on a beach. The woman is leaning backwards while the man supports her.   She is wearing a white wedding dress and veil.  The man is wearing a black suit.
235,Destruction 9.jpg,"A destroyed house in which the roof has fallen down onto the rest of the house.  Across the yard, an American flag is tied to a post on top of a brick structure."
739,Shot 2.jpg,A medic wearing camouflage smiles as he administers an injection to a black haired woman wincing in pain.
764,Sleepy pose 3.jpg,A man with his head lying on the keyboard of a laptop computer.  His eyes are closed and he appears to be asleep.  A mouse with a red roller ball is next to him.
530,Nude couple 12.jpg,A woman sitting astride a clothed man with her dress hiked up and her legs visible.   Out-of-focus city lights are in the background
13,Ambulance 2.jpg,An ambulance and an emergency doctor's car are on the side of a road.  Both vehicles are white with orange stripes.  A yellow helicopter is on the ground behind a tree in the background.
66,Beach 8.jpg,Many boats in the water in front of a beach.  People are standing on the beach and several chairs are on it.  A palm tree is in the foreground.  The sun is low in the sky.
555,Nude man 22.jpg,The unclothed torso of a muscular man with his hands reaching up and his face turned up so that only his neck and chin are visible.
444,Jail 3.jpg,A red barber chair with white arm rests in a decaying building with stone walls. Debris is around it.
195,Cups 1.jpg,Two brown mugs with white insides.  One of them is lying on its side.
536,Nude couple 5.jpg,An unclothed man and woman embracing in an intimate manner.
855,Tumor 1.jpg,"An old women with her left eye pulled open by two sets of fingers, revealing raw-looking red flesh where the eyeball used to be."
94,Boxing 2.jpg,Two boxers fighting under bright lights.  They are wearing black gloves with red tape on the wrists.
104,Camping 1.jpg,"A man kneeling in front of a tent with two similar-looking girls at his sides.  Their hands rest on his shoulder, one on top of the other."
46,Band 2.jpg,"A black man with a beard and dreadlocks, standing at a microphone and holding a guitar."
18,Angry face 4.jpg,A closeup of a man's face with squinting eyes and black and white stubble growing.  His expression looks angry.
19,Angry face 5.jpg,A man with a beard and mustache looking sternly at the camera. Half of his face is obscured in darkness while the other half is lit by a red light.
892,Yarn 2.jpg,"A wooden spool of brown thread, lying on its side on a wood surface."
302,Explosion 1.jpg,An airplane on a runway with an enormous red and orange explosion behind it.
485,Lion 5.jpg,A lion and a cub looking up from the carcass of an animal that they have partially devoured.
501,Monkey 2.jpg,An ape with black fur and its legs spread apart sitting in a rocky area.
707,Satellite 1.jpg,The Soyuz spacecraft orbiting above the earth.
742,Shot 5.jpg,"A turquoise syringe with an orange cap, lying on top of healthcare paperwork with silver scissors in the background."
525,Neutral pose 2.jpg,A man and dog walking on a snow-covered sidewalk past trees and bushes.
148,Cemetery 3.jpg,A large array of white crosses with some stars of David at a military cemetery.
306,Explosion 5.jpg,An enormous mushroom cloud rises from Bikini Atoll.
99,Building 1.jpg,Three stained-glass windows depicting scenes from the life of Christ.
189,Couple 7.jpg,"A young man and woman embracing at the entrance of a wooden building.  The woman is barefoot, with her shoes visible to the left.  She wears a blue dress and a headband.  The man has on a blue shirt and dark pants."
229,Destruction 3.jpg,A trash pile with wheels and axle parts from a machine or vehicle
8,Alcohol 5.jpg,"Two glasses of sparkling wine with gold rims and floral engraving.  They are outdoors, resting on a stump with flowers nearby and in the background."
581,Nude woman 5.jpg,A black and white photo of a topless woman standing in a forest. She has a star in her hair and a necklace on.
623,Picnic 4.jpg,"A woman, two boys, and a man sitting on the grass. The woman's hands are together in prayer. The boys and man are wearing white turbans."
710,Scared face 2.jpg,"A man wearing a blue and white shirt in front of a green screen, with his mouth open and his eyes spread wide."
20,Angry pose 1.jpg,A dark-haired man with his mouth wide open and his index finger pointed towards the camera.  He seems to be yelling.
62,Beach 4.jpg,A dark-haired woman lying on a beach with her elbows resting on a log.
37,Baby 2.jpg,A baby boy lying on his stomach and looking upwards.
65,Beach 7.jpg,A beach with many sailboats and some swimmers in the water.  A woman's legs on a chaise longue are in the foreground.
314,Fence 4.jpg,A chain-link fence with a strand of barbed wire.
609,Parasailing 1.jpg,Two men kitesurfing off a tree-lined coast with mountains in the background.
289,Eating 2.jpg,A smiling woman holding a green apple.  She has brown eyes and hair and has two earrings in her ear.
506,Mother 2.jpg,"A small boy is behind a woman, holding up strands of her bright orange hair."
613,Party 1.jpg,The arms of a woman.  She is holding a drink and has a watch on her left wrist and two rings on her right hand.  A bit of her blond hair is visible.
337,Fireworks 4.jpg,Yellow fireworks going off in the black sky.
398,Gorrila 1.jpg,A gorilla resting his head on one hand while touching grass with his other hand. It is sitting in a grassy enclosure with a few trees.
381,Garbage dump 3.jpg,A pile of metal garbage. A turquoise car is in the bottom right hand corner of the image.
300,Exercise 2.jpg,A black man lifting a barbell while five white men and one woman watch.
69,Bear 3.jpg,"A polar bear with snow on its muzzle, walking on snowy ground."
23,Animal carcass 2.jpg,A large brown lizard eating the rotting flesh of a dead animal.
751,Skijump 1.jpg,Four ski lifts on the side of a white snowy mountain. A parking lot is at the bottom of the mountain.
21,Angry pose 2.jpg,"A black and white picture of a person with his hands on his head, grimacing."
179,Collaboration 1.jpg,Six hands resting on each other. One of the wrists has a purple band around it. Another one has a white watch.
181,Cotton swabs 2.jpg,Seven cotton swabs lying on a grey surface.
218,Dessert 1.jpg,A two-layer square cake.  It has white icing with purple dots and large purple flowers on top.
345,Flowers 10.jpg,"The feet of a man dressed in orange robes, walking on pink, red, and white flower petals."
622,Picnic 3.jpg,A group of shirtless men sitting on wooden chairs and tables that have been placed in a stream.
765,Sleepy pose 4.jpg,A man sleeping on a table next to a mostly empty black plastic food container and a white styrofoam drink cup.
616,Penguins 2.jpg,An adult penguin stands upright with a baby penguin standing in front of it.  Other penguins on their bellies are in the background.
131,Cat 10.jpg,A black and gray striped cat stretching itself.
130,Cat 1.jpg,"A black and white cat with bright blue eyes, against a shadowy background."
107,Camping 3.jpg,"Three men and two women dressed in medieval costumes sit on benches at a wooden table.  The table has a horn, a furred hat, and an apple on it.  A shield is nearby."
147,Cemetery 2.jpg,"A large, nearly full moon shines down on a howling wolf in a graveyard.  Two crosses and a headstone are visible.  A flock of birds flies overhead."
268,Dog 25.jpg,A dog with brown and black fur lies with his chin on the ground and looks up inquiringly. A green and black rope is tied to his collar.
224,Dessert 7.jpg,A pumpkin pie with one slice cut out sits in a basket on a table.  The missing slice is on a nearby plate.  Canned pumpkin and whole pumpkins are behind it.
277,Dog 5.jpg,"A brown and white puppy, resting its chin on a pile of toys."
157,Children 1.jpg,A girl and a boy chasing each other for fun.
408,Graveyard 3.jpg,"Eight cross-shaped grave markers, standing in a green field with the blue sea visible in the background."
496,Miserable pose 3.jpg,A black and white image of a severely emaciated child lying on a bed with white sheets.
580,Nude woman 4.jpg,"A black and white photo of a naked woman, lying on her side turned away from the camera. One arm is covering her breasts and the other is covering her face."
172,Cold 2.jpg,"An old-fashioned sled with curved wooden runners and red striped fabric on top, sitting in the snow."
376,Galaxy 6.jpg,A crater-covered planet with an intense spot of light near its top.   Stars and shooting stars fill the space around it.
5,Alcohol 2.jpg,Three shelves full of bottles of whiskey.
393,Gazing 5.jpg,A silhouette of a man with hills behind him. The man is posing to make it look as if he has the setting sun in his hand.
574,Nude woman 19.jpg,A woman with her shirt pulled down to expose her breasts and shoulders.  She has nipple piercings and nose studs.  Her left arm is heavily tattooed.
387,Gargoyle 1.jpg,A gargoyle in the form of a monster with pointy teeth and long nails.
315,Fence 5.jpg,A chain-link fence with blue sky behind it.
7,Alcohol 4.jpg,Many clear long-stemmed glasses with green and red liquid in them on a brown counter in front of a mirror.
64,Beach 6.jpg,"A man and woman lie side by side in a hammock suspended from two palm trees at the beach. Turquoise water, a sailboat, and hills are in the background."
164,Cliff diver 2.jpg,A man leaps from a diving platform to begin a dive into the ocean below.
523,Neutral face 5.jpg,A woman with shoulder-length brown hair and brown eyes looking straight into the camera.  Her hands are touching her neck.  A necklace of green beads is visible.
216,Depressed pose 4.jpg,Profile view of a man with stubble-length hair and beard.  His head is lowered and his eyes are closed.  The fingertips of his left hand are resting on his forehead.
461,Lake 15.jpg,"A mirror-like lake reflects the sky, clouds, and trees above.  There is a patch of bright green grass on the shore."
70,Bed 1.jpg,"A bed with the covers pulled back and rumpled sheets.  At its side is a nightstand with a clock, phone, and some papers."
388,Gargoyle 2.jpg,A gargoyle in the form of a bewigged man with an open mouth sticks out at right angles from the wall of a cathedral.
219,Dessert 2.jpg,An array of cupcakes decorated on top with the faces of different animals.
2,Acorns 2.jpg,Three acorns are on a flat surface.  One acorn is missing its cap.  Two caps are to the left of the acorns.  The acorns and caps are casting long shadows on the surface.
6,Alcohol 3.jpg,"Three bottles of wine with red wrapping around their necks, against a dark background."
17,Angry face 3.jpg,"A man with a shaved head.  His eyes are narrowed and his mouth is open, with the top row of teeth showing.  He is in front of a painting."
512,Mother 8.jpg,"A smiling woman and baby girl, both dressed in pink.  The baby's dress has pink wings attached to it."
801,Storage 2.jpg,"White, purple, red, green, blue, and orange shipping containers, stacked on top of each other."
704,Sailing 1.jpg,Two women in life jackets are operating a small sailboat.  The boat is heeling sharply to the right and they are leaning to the left to balance it.
329,Fire hydrant 1.jpg,A bright red fire hydrant surrounded by a steel bars.
245,Doctor 4.jpg,A surgical team operating on a patient.  The surgeon is looking through a magnifying apparatus.  Five other doctors and nurses surround him.
280,Dog 8.jpg,Three black and tan dogs lie side by side in a field of stubble.  All are staring at something to their left.  The dog in the middle has his tongue hanging out.
39,Baby 4.jpg,A man dressed in black shirts holding a new born baby.
766,Smiling face 1.jpg,"Two young girls with blond hair and dressed in identical white lace shirts, half way facing us and smiling.  They have their right and left arms crossed, touching a wood beams."
71,Bee 1.jpg,"A bee resting on the palm of a person's hand.  The bee has purple and brown wings with a yellow thorax, three legs on one side and two legs showing on the other side."
549,Nude man 17.jpg,"A bald muscular man only weary a blue underpants with ""Geordi"" letters written on the band.  He is staring straight and has tattoos on both arms and belly.  He is lying on a white towel with his legs spread apart."
372,Galaxy 2.jpg,A close-up view of stars in a night sky with a large bright nebula in the center.
588,Office supplies 3.jpg,The heads of sharpened drawing pencils arranged in a tight array.
244,Doctor 3.jpg,A dental professional with a mask and safety glasses holding a drill in a gloved hand.
312,Fence 2.jpg,A wrought iron fence or gate with twisted bars interspersed with twisted bulb shapes.
819,Surgery 4.jpg,An operating room with a patient lying covered on a table with a medical professionals operating and assisting.
466,Lake 4.jpg,A pier on a lake surrounded by mountains with a sprinkling of snow on them.
226,Destruction 1.jpg,"Helmeted construction workers standing on a damaged building in front of flags, under a threatening sky."
730,Shark 3.jpg,An underwater view of a shark swimming with a second shark in the background.
538,Nude couple 7.jpg,A man and a woman lying prone on top of each on a bed with their eyes closed.
43,Baby 8.jpg,Two unclothed smiling little babies in colorful skull caps looking out from behind a blanket.
780,Socks 1.jpg,A pair of blue and white ankle socks with the Converse logo partially visible.
364,Frustrated pose 3.jpg,An old man with unkempt hair sinking his face into his left hand.
756,Skydiving 2.jpg,A team of parachutists with colored flares on their feet and their hands linked to make an intertwined circular formation over a coastline below.
807,Street 5.jpg,An empty multi-lane road running past buildings and signage and utility poles.
745,Sidewalk 2.jpg,A grasslike plant growing in the cracks between brick shaped paving stones.
697,Sad pose 1.jpg,A girl covering her face with her hands while sitting in front of a laptop computer.
88,Bored pose 3.jpg,A clothes vendor resting her head on the palm of one hand with a disgusted expression on her face.
827,Thunderstorm 11.jpg,A line of threatening clouds moving towards a fishing boat on a bay.
384,Garbage dump 6.jpg,Rusted tins and empty bottles strewn over an area.
265,Dog 22.jpg,A brown dog lying down with its eyes open and resting its head next to its front paw.
307,Explosion 6.jpg,A fiery explosion above a kitchen counter outdoors on a movie set.
483,Lion 3.jpg,A lion with eyes half closed lying with his chin on a big branch.  Green leaves are in the background.
484,Lion 4.jpg,A lion lying on its side with its eyes closed against an enclosure wall.
737,Shooting 1.jpg,A woman in brown with a military-style belt firing a rifle.
447,KKK rally 1.jpg,Meeting of a group of Ku Klux Klan members wearing their robes and hoods.
44,Baby 9.jpg,An Asian baby sucking her left hand while looking down.  She is wearing a blue knitted hat with a big red bow on it and a red dress with a white bow.  He has has a bracelet on her hand.
79,Birthday 1.jpg,Six traditional Birthday candles lit and set on the front cupcakes. All cupcakes are chocolate colored and have blue frosting with white imitation pearls on them.
34,BDSM 3.jpg,"Two women dressed in leather, one with bright red hair, the other black, sitting on the backs of kneeling men. The red-haired woman sits on a man in full blue leather bondage attire, with his hands chained behind his back. The other woman sits on a man dressed in black leather bondage attire with his hands tied in front of him."
326,Fire 7.jpg,A car engulfed in flames with thick black smoke rising from it.
770,Snake 4.jpg,A brown snaked coiled around a green snake on top of rocks and leaves.
518,Neonazi 1.jpg,"A man with a shaved head holding a black flag with white lettering, standing next to a woman holding a white sign with black lettering."
134,Cat 13.jpg,A beige and white cat with its eyes closed.
648,Present 2.jpg,A purple box with a light purple ribbon tied in a bow around it. In the background there are more boxes of different colors with ribbons tied around them.
255,Dog 13.jpg,"A brown and white dog, with its mouth open and teeth showing. The brown part of the dog covers only one eye."
509,Mother 5.jpg,A brown haired woman wearing a red turtleneck sweater and black jacket holding a blonde baby wearing a grey tube knit sweater.
658,Rafting 6.jpg,A group of people wearing red life jackets and blue and yellow helmets. They are white water rafting in a grey inflatable boat using red paddles.
696,Sad face 9.jpg,A crying boy with his mouth open wearing a green and beige fleece hoodie.
362,Frustrated pose 1.jpg,A dirty and damaged photograph of a woman with messy hair holding her head in her hands.
230,Destruction 4.jpg,"Metal sheeting, wood, and debris lying on the ground in front of a small house."
626,Pigeon 1.jpg,A grey pigeon with red feet standing on green grass.
142,Cat 8.jpg,A black cat's face with yellow eyes and white whiskers.
450,Keyboard 2.jpg,A grey laptop keyboard with a blue L-shaped enter key.
843,Toast 1.jpg,A group of people holding up cocktail glasses with a brown liquid inside. One of the cocktail glasses also has ice and a black straw.
282,Dog attack 1.jpg,A man wearing a camouflage U.S. air force uniform holding the leash of a dog which is biting an object in the foreground.
187,Couple 5.jpg,A grey and white monkey kneeling on the ground as it grooms another monkey which is lying on the ground in front of it.
48,Bar 2.jpg,"An ornately decorated lounge with blue leather chairs, turquoise track lighting, and gold counters and pillars. There are televisions with wording on them all around the room."
138,Cat 4.jpg,The face of a ginger cat lying sideways on the floor with its eyes closed.
162,Clean 1.jpg,"Purple lavender soap, cream, lotion, and bath foam, sitting in front of some sprigs of  fresh lavender."
409,Graveyard 4.jpg,A cemetery with rows of crooked and fallen headstones and overgrown green grass.
72,Biking 1.jpg,A bicyclist wearing a pointed bike racing helmet and a blue and yellow biking one-piece spandex jumpsuit.
228,Destruction 2.jpg,A fire-damaged building with one section collapsed. An American flag hangs from the building. There are disaster relief vehicles with long cranes in front of the building.
486,Massage 1.jpg,"A man massaging the torso of a woman.  The woman's eyes are closed, her hands are under her right cheek and her hair is tied in a bun.  she is relaxed and has a smile on her face.  The man has white long sleeve shirts and his hands are wrinkled."
551,Nude man 19.jpg,A muscular shirtless man running in front of a body of water.  He has a pair of white goggles in his hand.
795,Statue 1.jpg,A statue of the Buddha in a garden.  A bowl of purple and white flowers rests on stones in front of him.  Two candles in ornamental holders are at his sides.  Green and red trees are growing behind him.
856,Volcano 1.jpg,A crater in some brown mountains from which white smoke is rising.
468,Lake 6.jpg,A picnic basket and some paper cups set against a tree trunk on the edge of a lake.
566,Nude woman 11.jpg,A young woman in a two-piece bathing suit lying on her back with her arms framing her face.
206,Dancing 8.jpg,A group of young girls wearing ethnic dresses holding hands and dancing.
411,Gun 1.jpg,A handgun lying on a surface with its muzzle pointing towards the viewer.
211,Depressed face 1.jpg,A face of a woman wearing glasses and looking down with a pensive look.
740,Shot 3.jpg,A hand holding a hypodermic syringe injecting something into a vein.
625,Pig 2.jpg,Two large black pigs asleep in a straw-covered sty.
437,Injury 1.jpg,The right foot of a woman exhibiting a long wound that is partially healed.
139,Cat 5.jpg,Two very young kittens lying on a towel and peering around them.
269,Dog 26.jpg,A mangy dog looking back with a grievous scab near its tail
775,Snow 3.jpg,Undulating shapes on a grey sand dune in the twilight.
629,Pigeon 4.jpg,A pigeon on a feeder eyeing two vegetables hanging in a mesh bag.
727,Shark 10.jpg,A shark with one blue eye visible cruising by with its mouth partially open.
299,Exercise 1.jpg,A man doing pushups on an athletic field with his head close to the grass.
100,Building 2.jpg,Ruined walls of a church against the backdrop of white clouds a blue sky.
699,Sad pose 3.jpg,A man sitting in an armchair with his hand covering his eyes.
304,Explosion 3.jpg,An armed helicopter flying in front of the flames of an explosion.
811,Sunset 2.jpg,The sun is low on the horizon painting the sky and clouds in vivid shades of red.
278,Dog 6.jpg,A little brown and tan puppy peering out of a polka dot cup resting on a grassy surface inside a fence.
366,Frustrated pose 5.jpg,A person sinking their head into their hands and looking down.
367,Frustrated pose 6.jpg,A woman with her eyes squeezed shut and wearing spectacles holding an object between her teeth while using her hands to lift up her long hair.
585,Nude woman 9.jpg,A woman in her bra and panties lying on her abdomen on a patterned sheet.
752,Skijump 2.jpg,An empty lighted ski run at twilight with spectators watching.
577,Nude woman 21.jpg,A woman on her abdomen propping herself up on her elbows and her lower legs pointing up clad in a revealing outfit with fishnet stockings and high heels.
80,Birthday 2.jpg,A boy sitting with his mother at a table with a birthday cake and presents.
422,Hang gliding 1.jpg,A hang glider taking off from the side of a mountain with a town on the ground below.
668,Rocks 1.jpg,Pebbles of various colors and shapes strewn across the sand.
463,Lake 17.jpg,A group of people enjoying a twilight outing a the edge of a lake with high rise buildings in the distant background.
834,Thunderstorm 8.jpg,A bolt of lightning against a blue sky and scattered clouds.
200,Dancing 2.jpg,A ballerina doing a pirouette with the raised leg extended straight out.
579,Nude woman 3.jpg,A naked woman lying on her back on a bed with one arm behind her head and the other hand near her upper thighs.
711,Scared face 3.jpg,A sinister looking face of a woman looking up with her brown eyes and clenched fists covering her nose and mouth.
896,Yoga 2.jpg,A man wearing only shorts doing a yoga pose on a sandy beach.
81,Birthday 3.jpg,"A table setting for a birthday party with glasses, plates and caps and sparkly things around a multi-level tray holding desserts."
201,Dancing 3.jpg,Boys participating in a ritual dance holding spears and dressed in tribal grass clothing in front of a traditional hut.
705,Sailing 2.jpg,A sailor in a harness hiking out of a sailboat on a reach.
123,Car race 1.jpg,A group of colorful race cars going around a curve on a race track
396,Goat 1.jpg,A long-haired goat sitting on the ground with its eyes closed and its head held up.
202,Dancing 4.jpg,A couple dancing the tango.  She wears an ankle length skirt with bright pink streamers.
85,Bored face 1.jpg,A man with a close up image of his face is wearing glasses and looking pensive.  He is wearing prescription glasses and has the reflection of a computer screen on his right lens.
686,Rugby 2.jpg,Men playing touch football on a grassy field.  There are trees with purple leaves and old buildings in the background.
568,Nude woman 13.jpg,A woman wearing a red bikini lying on sand.  She has three strands of pearls around her neck and blue eye shadow and mascara.  Her eyes ae closed and she has a relaxed expression.  Her bikini bra shows half of her full size breast.
565,Nude woman 10.jpg,A blond hair woman lying on the bed with her breasts as the focus.  She has pink bras with black tie and a pink underwear with black garter.
734,Shark 7.jpg,A white and blue shark under the surface of blue water with a pilot fish under it.
92,Bottle 1.jpg,"Three plastic  bottles of water with blue caps laid flat on a white surface, one in the center and the other two are at an angle."
809,Sunflower 1.jpg,"A field of sunflowers with a close up  of 5 flowers, in the background there are trees and mountains."
308,Father 1.jpg,A man asleep with a sleeping little baby lying on him just beside and below his right cheek.
249,Doctor 8.jpg,A surgeon and his helper operating on a patient.  The surgeon is wearing a camera supported by the headband.  Both men and is wearing surgical masks and white gloves.  There is a wall clock on the background and two lights on the ceiling.
602,Paperclips 3.jpg,A bunch of paper clips that have been interlaced together.
706,Sailing 3.jpg,A red sailboat on a lake in the evening sun with high rise buildings and a tower in the background. The sunlight reflects off the buildings on to the water.
395,Gazing 7.jpg,A man sitting cross-legged on a wall looking across the water towards a large city with high rise buildings in the background.
714,Scary face 1.jpg,A person with their eyes closed and mouth open in a scream.
391,Gazing 3.jpg,A young child gazing at something with his right hand in his mouth.
497,Miserable pose 4.jpg,A girl with her head tilted down in a sad way sitting on a bed with wet hair and a towel across her torso.
203,Dancing 5.jpg,"An old couple dancing, the woman is smiling, looks down  and has her head close to him.  The brim of the man's hat is coming over her hair, he is wearing a scarf and is looking forward."
125,Car race 3.jpg,A group of colorful race cars going around a curve in a single line on a race track.
118,Car accident 3.jpg,Pieces of glass from the right front side of a car shattered and flying in the air.
731,Shark 4.jpg,A view from below of a shark's underbelly with its mouth open exposing its teeth.
105,Camping 10.jpg,"A tent glowing from a light inside, pitched in a snow field with snow covered mountains in the background."
394,Gazing 6.jpg,A young girl sitting in front of dandelions and blowing one in her hands.  Some pieces are in the air and some left to blow.  She has long blond hair and wears a hat.
812,Sunset 3.jpg,Sunset with a red sky and a a few white clouds reflecting on a lake with dark trees in he background.
93,Boxing 1.jpg,A Marine Corps woman boxer landing a punch on an Army woman boxer's face.
757,Skydiving 3.jpg,Four skydivers free falling over a mountainous coastline.
519,Neutral face 1.jpg,A white-haired man with a white beard engaging with someone.
875,Wedding 10.jpg,A bride putting a wedding ring on the finger of the groom.  She is holding his hand with her other hand and is wearing a white bracelet.
676,Rollercoaster 2.jpg,People with their hands raised on two roller coasters that are about to descend.
451,Keyboard 3.jpg,A laptop with the keyboard keys lit and the screen showing an indistinct image.
110,Camping 7.jpg,Three youngs boys and an older by in a blue and white canoe.  The three young ones have an orange safety vest on.
333,Fireman 1.jpg,A deputy fire chief standing in front of a smouldering heap and pointing to something with his left hand.
106,Camping 2.jpg,A group of young students in a classroom on their knees with their hands folded.
266,Dog 23.jpg,A black and white dog sticking his muzzle out between the bars of an enclosure.
401,Grass 3.jpg,Tall green grass with drops of dew all over.
294,Excited face 3.jpg,"Two happy young boys smiling, one has blond hair and blue eyes, the other has brown hair and eyes."
115,Car 2.jpg,"Vintage Borgward car in blue and yellow color, rusty with a a Rio de Janeiro license plate.  The car has leaves on the hood and is parked in nature with trees in the background and leaves on the floor."
660,Rainbow 1.jpg,"A rainbow arch of green, yellow and orange over a blue calm ocean and the sky in the background."
285,Drink 1.jpg,A glass of red wine a quarter full on a blue table with the background out of focus.
636,Plane crash 1.jpg,A man standing on the wing of the dismantled carcass of an airplane.
114,Car 1.jpg,A red and black supercar with its front wheels turned to the right.
271,Dog 28.jpg,A dog lying on its back on a couch looking towards the viewer.
557,Nude man 3.jpg,A man wearing blue shorts with nude torso standing on a balcony.  He is wearing a cross neckless and holding both his hands over the metallic rail of the balcony.
402,Grass 4.jpg,A field of green tall grass.
717,School 2.jpg,School children smiling and waving at the camera.
899,Yoga 5.jpg,Silhouette of a person seated in a pose with hands folded above their head on a riverbank with the setting sun behind.
446,Jail 5.jpg,Two rows of barbed wire fencing surrounding a prisoner barracks.
604,Parachuting 1.jpg,A paraglider with the colorful chute deployed with a blue sky and scattered white clouds in the background.
155,Child labor 3.jpg,Young unhappy boys of limited resources holding the Morning Telepraph newspaper.
805,Street 3.jpg,"A two way road with mountains in the background, a double yellow line in the middle and white lines on each side.  The blue sky has some white clouds."
722,School 7.jpg,Two students hunched over a desk and working on a problem together while other students work in the background.
511,Mother 7.jpg,A mother in a white dress and hat holding up a baby at her face level and saying something to the baby.
688,Sad face 1.jpg,A sad baby crying with a tear running down the face.  He has big bue eyes and the mouth of the baby is half open.
464,Lake 2.jpg,A lake surrounded by green trees and mountains on one side with a clear blue sky and a few clouds above.
564,Nude woman 1.jpg,A woman with wet hair and nude torso in front of white tiles and a towel bar behind her.
718,School 3.jpg,Three back students in a class room writing on a big paper each with a male teacher looking over one of them. .The teacher has an etnic shirt on and they are all black.
895,Yoga 1.jpg,A woman in a reverse warrior pose. she looks strong and is searing black pants and a black top.  She is in nature.
108,Camping 4.jpg,A man and a boy playing a board game at a camping site on a tabletop supported by logs tied together.
878,Wedding 2.jpg,A bride wearing a white dress hold the groom's hand and a white bouquet of flowers in the other hand.
150,Cemetery 5.jpg,A woman weeping over the stone of a buried person in a cemetery  She is putting her hand on the stone and bending over.
638,Plane crash 3.jpg,The interior of a passenger aircraft in a semi-dismantled state.
569,Nude woman 14.jpg,The body of woman lying on a bed in her lingerie with black underpants and red and black bustier.
119,Car accident 4.jpg,A black car with its roof crushed in and extensive damage to the front and sides.
810,Sunset 1.jpg,Red sky with black ad white clouds and the sun setting in the background.
654,Rafting 2.jpg,Rafters tipping over while navigating a stretch of white water.
385,Garbage dump 7.jpg,Collection of glass recycled bottles and jars.
785,Soldiers 3.jpg,A soldier in combat uniform carrying a rifle walking with four young children dressed in bright clothes.
749,Sidewalk 6.jpg,Small white and blue stones in soil.
316,Fence 6.jpg,"A garden fence with a rose bush, a lawn and a house behind it."
814,Sunset 5.jpg,A vivid sunset casting red and orange shades on the clouds above with the sun going down behind the rocks and water.
583,Nude woman 7.jpg,Two women in bra tops with painted nails and heavy make up sitting next to each other.
154,Child labor 2.jpg,Young boys working in a factory
513,Mother 9.jpg,A woman sitting on a couch behind a baby in a baby seat balanced on a device.
467,Lake 5.jpg,A lone tree on the shore of a blue lake surrounded by low clouds and mountains.
470,Lake 8.jpg,A dock on an still and peacful alpine lake surrounded by coniferous trees.
495,Miserable pose 2.jpg,"A man holding his head down inside his crossed arms, sitting in front of a a  blue wall.  He is holding prayer beads."
426,Happy face 1.jpg,"A young boy smiling, he is in foreground and has white skin, blond hair and blue yes.  Another boy in the background is smiling but more pensive holding his chin in his hands.  He has brown hair and eyes and is wearing a blue and white shirt."
