index|caption|label
716|two sewer grates middle paved brick road.|0
752|mound white snow crystals focus ones background.|0
244|chair branches sitting front large fire.|-1
128|black white photo man hands head pressed glass wall. man wearing wristwatch necklace.|0
466|white-haired man white beard engaging someone.|0
308|horsehead nebula pink light hydrogen protostars illuminating background.|1
165|surgeon operates draped patient, assisted nurse. various instruments around lower part patient's body imaging device exposed skin.|0
753|yellow green soccer ball lying field near chalk lines.|0
761|large crowd young soldiers saluting.|0
806|dark clouds rainstorm threatening town.|0
788|field sunflowers closeup five flowers. background trees mountains.|1
99|young man woman embracing entrance wooden building. woman barefoot, shoes visible left. wears blue dress headband. man blue shirt dark pants.|1
677|man peering shelf grasping hands.|0
4|falling man attached bungee jumping apparatus. wearing white shirt black sunglasses.|0
467|wood bark shades brown grey color.|0
177|medium sized black brown dog stubby ears greying muzzle standing gravel mulch bed.|0
868|miniature bride groom figurines wedding cake|1
306|planet space stars visible around it.|1
379|man wounded bleeding operating room. tube going left leg straps around legs blood black material coming legs.|-1
494|four shirtless men black pants smiling. one men phone waistband. two men tattooed.|0
643|copper covered tiles roof sloped plane.|0
9|man boy playing board game camping site tabletop supported logs tied together.|1
419|two streaks lightning reaching dark clouds ground.|0
703|white blue shark surface blue water pilot fish it.|0
777|two glasses sparkling wine gold rims floral engraving. outdoors, resting stump flowers nearby background.|1
564|man wearing helmet, goggles, camouflage jumpsuit, jumping airplane.|0
766|six birthday candles lit set cupcakes. cupcakes chocolate colored blue frosting white imitation pearls them.|1
432|empty bench facing row us flags park.|0
459|smiling woman baby girl, dressed pink. baby's dress pink wings attached it.|1
632|different sizes shades grey rocks smooth edges.|0
268|many red fireworks going night sky, leaving white trails behind them.|1
451|silhouette woman holding child head, yellow sky water behind her.|1
347|handgun lying surface muzzle pointing towards viewer.|-1
261|green, yellow, pink blue fireworks burst patterns sky.|1
157|parched earth cracks running every direction.|0
72|man leaps diving platform begin dive ocean below.|1
88|six hands resting other. one wrists purple band around it. another one white watch.|1
281|two wedding rings sitting bunch pink roses.|1
689|bicyclist wearing pointed bike racing helmet blue yellow biking one-piece spandex jumpsuit.|1
885|woman standing one leg beach, two boats front water smoke rising distance.|1
242|brown weasel baring fearsome teeth snarl.|-1
332|close rough green grass.|0
524|nude woman asleep side head resting hand.|1
50|five hockey players embrace tight circle. arms other's backs hold sticks pointing upwards.|1
139|pumpkin pie one slice cut sits basket table. missing slice nearby plate. canned pumpkin whole pumpkins behind it.|1
416|yellow lightning hitting water two large dark rock formations. lightning rocks reflected water.|0
300|small baby asleep side.|1
540|tangled pile rubber bands.|0
168|doctors nurses wearing surgical masks, caps, gowns gloves operating patient.|0
818|boy wearing blue shirt, laughing another person tickles him.|1
410|mirror-like lake reflects sky, clouds, trees above. patch bright green grass shore.|1
401|picnic basket paper cups set tree trunk edge lake.|0
661|little girl smudges face looking sad.|-1
880|wooden spool brown thread, lying side wood surface.|0
81|old-fashioned sled curved wooden runners red striped fabric top, sitting snow.|0
143|dirty american flag white shoe, lying broken wood plants growing it.|-1
323|man gazing standing rock seashore twilight shallow water around.|1
41|brown white cat standing outside front grass. cat back arched mouth open aggressive stance.|0
546|possum showing teeth wide open mouth frightening posture.|0
312|many bottles litter lying sand beach, water visible behind them.|-1
578|dark-haired woman lying beach elbows resting log.|1
303|close-up view stars night sky large bright nebula center.|1
158|dock lake boats. silhouette city visible background.|1
732|three skydivers free fall. one started deploying parachute.|0
852|group soldiers running sandy terrain carrying rifles.|-1
354|man black jacket wearing gold wedding ring, opening shotgun wooden handle exposing two shells.|0
508|man posing jock strap front mirror.|0
93|man woman kissing glare sun obscuring faces.|1
681|man covering mouth hand. eyes wide expression shock.|-1
584|two large black pigs asleep straw-covered sty.|0
644|grizzly bear faces camera.|0
604|armed helmeted police board ferry facing back towards distant city across water.|0
678|bee resting palm person's hand. bee purple brown wings yellow thorax, three legs one side two legs showing side.|0
739|man sleeping table next mostly empty black plastic food container white styrofoam drink cup.|0
825|large stack cut firewood piled high.|0
42|black cat's face yellow eyes white whiskers.|0
695|hand severed finger, plastic glove. severed finger bloody wrapped black material.|-1
273|bouquet pink flowers containing mostly full blown roses, carnations daisies.|1
272|green, red, pink, white, yellow flowers black stone surface.|1
112|dark-haired man mouth wide open index finger pointed towards camera. seems yelling.|-1
492|shirtless man wearing black shorts sitting front body water. tying laces black white sneaker.|0
719|elevated walkway paved stones meandering past trees houses.|1
316|rusted tins empty bottles strewn area.|-1
294|old man unkempt hair sinking face left hand.|-1
711|two geese swimming calm water sunset.|1
836|thick column tornado approaching cloudy sky.|0
483|dark-skinned woman sheet wrapped around her, caressed light-skinned man wearing silver watch, bed white sheets.|1
751|white coral reefs clump coral sticking|0
330|white goat standing hay green grass, head low ground.|1
707|shark swimming water side fins dorsal fins visible.|0
712|hand holding hypodermic syringe injecting something vein.|-1
489|closeup image greenish tree bark.|0
747|black yellow snake coiled top pieces wood.|0
876|wolf baring fangs menacing manner.|0
827|two urinals side side white tile wall. thin partition divides them. rectangular flushing button each.|0
730|four skydivers free falling mountainous coastline.|1
794|vivid sunset casting red orange shades clouds sun going behind rocks water.|1
80|large ship smoke rising funnel, followed smaller two-masted ship. surrounded sea ice.|0
859|gun battery boat, firing. muzzle flash blue water seen behind it.|-1
861|bride wearing white dress hold groom's hand white bouquet flowers hand.|1
445|rough tree bark moss growing it.|0
765|man wearing green white bandana head, flak jacket, sitting rifle resting across legs.|-1
421|lightning bolts shooting across sky building trees visible|0
2|ruined walls church backdrop white clouds blue sky.|0
768|soldier's hand holding barrel assault rifle soldiers standing row alongside also holding rifles.|-1
698|underwater view shark swimming second shark background.|0
811|serrated knife blade, pushing someone's hand, bright red liquid blade.|-1
471|woman shoulder-length brown hair brown eyes looking straight camera. hands touching neck. necklace green beads visible.|0
58|football cheerleader cheerleading costume holding pompoms hands|1
865|man wearing suit woman wearing gown carrying bouquet pose behind blue car adorned flowers bows. elevated point lake town visible background.|1
140|boy wearing black white striped hat, licking chocolate vanilla swirl ice cream cone.|1
808|lightning striking water behind airport several military helicopters.|0
222|five acorns arranged circle black background. slightly wilted leaves next acorns.|0
221|man pushups athletic field head close grass.|0
692|two students hunched desk working problem together students work background.|1
299|shirtless man straining open bottle pickles.|0
369|heart-shaped keyhole brown wood surface. held place three screws.|0
628|man climbing rock rope chain support|0
131|signpost handwritten signs front two rusting car bodies prairie.|0
570|blue yellow parachute attached american flag, shooting red sparks night sky.|1
351|gun lying table seven bullets next it.|-1
589|two hands clinking champagne glasses front beach sunset.|1
314|shopping cart abandoned trash strewn environment.|-1
137|glass plate filled profiteroles, decorated mint leaves cherries, sprinkled fine sugar.|1
786|empty multi-lane road running past buildings signage utility poles.|0
311|crying baby eyes closed mouth open.|-1
600|man woman lie side side hammock suspended two palm trees beach. turquoise water, sailboat, hills background.|1
610|railroad tracks branching front train station.|0
249|roaring fire, timber silhouetted bottom red embers visible among timber.|-1
391|meeting group ku klux klan members wearing robes hoods.|-1
411|two hands holding glass beer skewers grilled okra them. man yellow hat removing piece okra skewers.|0
444|three shelves full bottles whiskey.|0
33|top view assembled cardboard box.|0
30|five race cars going around track tight formation.|0
640|people hands raised two roller coasters descend.|1
823|cut logs bark still attached, stacked top other.|0
828|three white urinals silver detectors them, bathroom brown tiled floor cream tiled walls.|0
123|black white picture person hands head, grimacing.|-1
94|man woman arms around other, sitting white bench front large house. man carrying bouquet flowers.|1
213|two young elephants trunks other, adult elephant standing behind them.|1
343|eight cross-shaped grave markers, standing green field blue sea visible background.|0
344|cemetery rows crooked fallen headstones overgrown green grass.|0
567|person walking along sandy seashore dawn.|1
98|man embracing woman behind arm around neck shoulders.|1
501|nude man making sign right hand|0
847|concrete gray wall white streaks, irregular smooth.|0
216|two happy young boys smiling, one blond hair blue eyes, brown hair eyes.|1
833|man close image face wearing glasses looking pensive. wearing prescription glasses reflection computer screen right lens.|0
519|black white photo naked woman, lying side turned away camera. one arm covering breasts covering face.|0
25|two cars involved head-on collision|-1
830|toilet partially demolished bathroom graffiti lid tank.|-1
737|sleeping guard, wearing blue uniform, tie, hat insignia front it.|0
178|headless carcass deer antelope ribs exposed.|-1
271|ducks swimming tree-lined flooded street.|-1
151|fire-damaged building one section collapsed. american flag hangs building. disaster relief vehicles long cranes front building.|-1
39|two young kittens lying towel peering around them.|1
503|shirtless man looking straight ahead grim expression.|0
500|four barrels. one brown, two grey, one darker brown.|0
231|fiery explosion kitchen counter outdoors movie set.|-1
38|face ginger cat lying sideways floor eyes closed.|1
198|dog lying back couch looking towards viewer.|1
832|ferris wheel superimposed top lightning storm, superimposed top dry cracked desert ground.|0
154|dried brown leaves bare soil. half area shade half sunny. bare wooden branch across top.|0
12|two glasses champagne bread cheese plate, outdoors front body water pier.|1
654|young child blue eyes, wearing brown hooded fleece sweater, crying.|0
899|three stained-glass windows depicting scenes life christ.|1
538|woman abdomen propping elbows lower legs pointing clad revealing outfit fishnet stockings high heels.|0
331|gorilla resting head one hand touching grass hand. sitting grassy enclosure trees.|0
598|interior passenger aircraft semi-dismantled state.|-1
877|man sitting chair head tilted back eyes open gazing something above.|0
156|two hyenas eating four-legged animal grass, two vultures watching behind them.|-1
368|boat sailing towards bridge, four people jumping air. lens flare behind people.|1
496|man showering outside front green tree.|0
889|girl elbows table one hand side face bored expression.|0
771|close view spider hairy legs foreground|-1
197|black dog floppy ears resting muzzle wall looking out.|1
153|unpaved road goes field towards mountains distance.|1
687|three black students class room writing big paper male teacher looking one them. .the teacher ethnic shirt on.|1
548|red, gold, black christmas ornament pink ribbon top.|1
54|large array white crosses stars david military cemetery.|-1
623|rainbow arch green, yellow orange blue calm ocean sky background.|1
44|black gray striped cat stretching itself.|1
122|dead body youngster lying ground amongst dead bodies.|-1
846|closeup texture piece wood. scratches many different directions wood wood colored various shades beige.|0
820|large orange black tiger looking straight mouth open tongue showing.|1
606|power plant cooling towers smokestacks spewing thick white smoke atmosphere|-1
21|pieces glass right front side car shattered flying air.|-1
499|hairy naked man standing shower, wearing necklace.|0
429|man massaging torso woman. woman's eyes closed, hands right cheek hair tied bun. relaxed smile face. man white long sleeve shirts hands wrinkled.|1
688|barefoot children recess school courtyard.|0
671|black white drawing man holding wounded woman, gun lying next them.|-1
383|red barber chair white arm rests decaying building stone walls. debris around it.|-1
837|torture tools, including rack, cuffs,and chains. also sword helmets background.|0
476|dark haired man wearing glasses white collared shirt, kissing dark haired woman wearing white tank top.|1
384|iron bars across prison cell bed visible bars.|-1
427|lion lying side eyes closed enclosure wall.|0
898|large soap bubbles floating air.|1
605|uniformed helmeted riot police forming line.|-1
618|group youngsters wearing helmets, lifevests waterproof clothes whitewater raft.|1
675|soyuz spacecraft orbiting earth.|1
326|silhouette man hills behind him. man posing make look setting sun hand.|1
403|dock still peacful alpine lake surrounded coniferous trees.|1
243|man breathing fire mouth. wears turban several necklaces.|0
736|sleeping girl blonde hair lying white sheet.|-1
238|black chain-link fence round lights visible side.|0
541|stapler blue top white base sitting white surface.|0
208|bloody human body face blown off.|-1
259|fire hydrant stone wall plants either side it.|0
571|arms woman. holding drink watch left wrist two rings right hand. bit blond hair visible.|0
637|different shades grey rocks sharp edges.|0
333|two cocktails brown wooden table. cocktail front white one behind brown. two napkins logo cocktails.|0
334|asian baby sucking left hand looking down. wearing blue knitted hat big red bow red dress white bow. bracelet hand.|1
553|piece white paper bark-like surface.|0
104|crow perched roof eyeing something intently.|0
521|woman lying side left finger chin. looking viewer.|0
795|setting sun casts orange light sea behind flagpole limp flag.|1
680|sinister looking face woman looking brown eyes clenched fists covering nose mouth.|0
138|deep glass cup vanilla ice cream sundae, chocolate sauce, whipped cream cherry top.|1
240|chain-link fence blue sky behind it.|0
612|barbed wire top wooden picket fence.|-1
199|mostly white dog one brown ear lying grassy ground.|1
365|man sandals, shorts, white shirt, jumping hands head legs pulled behind brown field. background, mountains seen.|0
201|little dog bows hair lying muzzle carpet.|0
596|man standing wing dismantled carcass airplane.|-1
321|woman sits back camera looking town. scene dark.|0
646|tiled roof lot broken tiles.|0
415|arching eruption molten lava.|0
814|bolt lightning blue sky scattered clouds.|0
393|black white photo folding knife, pointing table angle, silver circles black handle.|0
398|pier lake surrounded mountains sprinkling snow them.|1
660|little boy wearing red jacket knitted hat mouth open.|0
615|rafters going fall white river.|0
433|brown tree bark small black holes it.|0
145|large brown lizard eating rotting flesh dead animal.|0
668|man head covered black cape sitting wall knees drawn arms resting knees. beads around wrists fingers.|-1
318|brightly colored plastic paper trash strewn around.|-1
741|brown snake lies coiled dry, leaf-covered ground.|-1
257|bright red fire hydrant.|0
485|blonde haired woman white top, man lying next head lap.|1
729|team parachutists colored flares feet hands linked make intertwined circular formation coastline below.|1
580|two girls biting piece watermelon. sitting blue blanket grass field.|1
366|young men women wearing suits dresses, carrying red yellow balloons looking up.|1
265|yellow firework going black night sky.|1
324|young child gazing something right hand mouth.|1
805|metallic swing hung chains next trunk tree.|0
614|trapped raccoon looking wire mesh opening two boards.|0
229|fiery inferno forming patterns vivid red, orange black regions.|-1
71|man diving high fenced area ocean.|0
32|multitude new large brown cardboard sheets stacked horizontally.|0
551|yellow pad paper speckled beige surface.|0
276|bouquet white pink flowers green leaves.|1
196|mangy dog looking back grievous scab near tail|-1
406|rock pool lake surrounded snow-capped mountains coniferous trees.|1
696|dark grey shark lighter underbelly swimming water.|0
169|two sled dogs harness, running across snowy field.|1
789|table setting birthday party glasses, plates caps sparkly things around multi-level tray holding desserts.|1
893|marine corps woman boxer landing punch army woman boxer's face.|0
882|spool white thread green, white yellow fabric.|0
525|woman bra panties lying abdomen patterned sheet.|1
505|three shirtless men underwear, standing blue room. one men black, two white.|0
767|soldier wearing camouflage carrying gun stands pile rocks. military vehicle background.|0
756|pair blue white ankle socks converse logo partially visible.|0
815|lightning storm several streaks striking ground.|0
894|two boxers fighting bright lights. wearing black gloves red tape wrists.|0
68|brown squirrel resting top cut-off branch.|1
382|grimy prison cell metal bunks washstand. rear wall covered graffiti.|-1
95|woman sitting apart man one end bench lake looking away.|0
236|chain link fence front yellow wall casting shadows.|0
474|pairs legs clad trousers wearing shoes cobbled street.|0
710|medic wearing camouflage smiles administers injection black haired woman wincing pain.|0
662|crying boy mouth open wearing green beige fleece hoodie.|-1
322|two unclothed smiling little babies colorful skull caps looking behind blanket.|1
556|vivid colorful sunset body water.|1
873|two silver rings resting pink flower.|1
206|glass red wine quarter full blue table background focus.|0
63|young girl working textile mill. facing collection yarn spinners.|0
769|woman holding white cup red liquid it. nails painted turquoise.|1
413|group people enjoying twilight outing edge lake high rise buildings distant background.|1
258|silver fire hydrant red top wall vegetation.|0
266|red yellow starburst fireworks exploding night sky.|1
428|lion cub looking carcass animal partially devoured.|0
223|astronaut space walk earth background. spacecraft reflected face mask.|1
683|person eyes closed mouth open scream.|-1
405|brown pier low wooden guards side, body water large mountains background yellow sky.|1
83|styrofoam snowman black bead eyes red bead nose wearing red knitted scarf winter hat.|1
577|old rotary-dial telephone desk fountain pen paper front it.|0
709|hands wearing gloves inserting needle bump person's arm.|-1
418|lightning many branches purple sky city water.|0
423|white lightning purple sky, clouds silhouette bushes rocks it.|0
597|wreck airplane cockpit caved in, sitting black dirt.|-1
226|airplane runway enormous red orange explosion behind it.|-1
205|dog attacking man running away it.|-1
549|paint brush damaged worn bristles lying brown green burlap sack.|0
426|lion eyes half closed lying chin big branch. green leaves background.|0
375|right foot woman exhibiting long wound partially healed.|-1
87|two snowmen carrot noses eyes snowy field.|1
275|bouquet red, pink yellow roses.|1
746|diamondback snake moving sandy area looking menacing.|-1
874|modern windmill.|0
796|surgeon making incision belly female animal light brown fur.|-1
126|old man white moustache deeply lined face.|0
289|baby girl fours beach. wearing white dress red trim.|1
277|bunch red roses couple green leaves visible them.|1
663|girl covering face hands sitting front laptop computer.|-1
125|face woman wearing glasses looking pensive look.|0
509|muscular shirtless man running front body water. pair white goggles hand.|0
783|straight two-lane road passing brown treeless hills patches snow them.|0
286|table roasted meat, sausages, bell peppers pickles cucumbers. two unopened bottles beer table.|1
807|image cloudy skies, blue lightning coming sky striking towards tree below.|1
456|gray tree trunk green moss growing bark.|0
234|man space suit shakes hands robot designed space.|1
172|little white puppy lying green grass pink flower head.|1
527|young woman two-piece bathing suit lying back arms framing face.|1
76|orange black bugs, crawling brown wood.|-1
373|jockey galloping brown racehorse.|0
626|green car person's legs sticking window, sitting middle road trees sides.|1
381|two rows barred prison cells narrow walkway them.|-1
91|seven cotton swabs lying grey surface.|0
763|military personnel ceremonial uniforms lined row.|0
254|forest consumed flames. river foreground two deer standing it.|-1
358|stone passage two black pipes running along it, supported stone posts. filled-in window openings x's marked them. floor appears wet.|-1
175|husky lying face chin ground blue eyes open.|1
225|two groups men rowing black rubber rafts green oars. wearing camouflage pants.|0
211|woman preparing shoot arrow target four bullseyes it.|0
56|haggard looking black man dirty t-shirt knit cap glasses perched top head.|0
148|destroyed house roof fallen onto rest house. across yard, american flag tied post top brick structure.|0
745|brown snaked coiled around green snake top rocks leaves.|-1
735|high-rise buildings floor-to-ceiling windows next river. one buildings red elevator runs river.|0
658|head bare shoulders young girl. looking right wearing earrings.|0
183|little terrier tongue hanging bow head.|1
461|bmx motorcycle jumping air brown green background. rider wearing black white motorcycle gear.|0
90|blue cotton swabs sitting container.|0
625|streaks electricity emanating circular toroidal device.|0
409|blue body water next bright green trees front grey copper mountain range.|1
800|knife lying white cloth large blood stain around it. blade knife covered blood.|-1
455|brown haired woman wearing red turtleneck sweater black jacket holding blonde baby wearing grey tube knit sweater.|1
488|silhouette man woman other's arms, kissing front waves beach.|1
340|close tall green grass background depicting grass focus.|0
843|brown grey blemishes wall house.|0
781|multi-level stacks beer barrels wooden pallets.|0
450|picture full moon dark background. maria craters visible surface.|1
149|smashed remains automobile pile metal debris.|-1
64|girl boy chasing fun.|1
631|pebbles various colors shapes strewn across sand.|0
228|armed helicopter flying front flames explosion.|-1
482|man woman lying prone top bed eyes closed.|1
363|young boy smiling, foreground blond hair blue eyes. another boy background smiling pensive holding chin hands. brown hair eyes wearing blue white shirt.|1
241|garden fence rose bush, lawn house behind it.|0
252|man-made structure engulfed rising flames.|-1
248|huge fire consumes stacks wooden pallets.|-1
367|black man beard dreadlocks, standing microphone holding guitar.|1
504|three shirtless men, looking something left image. black woman videotaping background.|0
10|man wearing blue jacket headlamp lighting fire pile wood kindling front him.|0
842|volcano smoke rising it, behind green field trees.|0
705|grey shark five fins visible, swimming blue water fish behind it.|0
511|group people bondage tools clothing larger crowd looks on. one woman's breasts bare, another holds whip. man smiling holds whip.|0
335|close look strand healthy green grass.|0
723|composite time-lapse image skier white pants red jacket jumping snowy ramp.|1
380|red-faced woman brown hair, baring teeth angrily.|-1
648|four roosters brown black feathers, two looking straight forward two looking sideways.|0
875|wolf sitting snow back licking lips behind enclosure.|1
829|bathroom three urinals two walls. plants narrow ledge urinals.|0
743|black white snake lying coiled green grass.|-1
97|grey white monkey kneeling ground grooms another monkey lying ground front it.|0
23|man driving motorcycle sidecar stretcher containing injured man white bandage around head. background, row men standing next horses.|-1
385|two rows barbed wire fencing surrounding prisoner barracks.|0
595|four brown pine cones tree leaves needles.|0
686|school children smiling waving camera.|1
67|brown haired woman black turtleneck sweater, showing teeth scrunching nose angry manner.|0
295|black white picture man beard dark hair, wearing white collared shirt pressing hand forehead.|0
670|old woman wearing red scarf, hand held face. background blurry - house grass front it.|0
218|dark-haired boy standing behind girl nose-ring.|1
792|sunset red sky white clouds reflecting lake dark trees background.|1
43|brown white cat looking eyes wide open ears pointing forward.|1
879|black white photo three spools thread. two upright one lying side.|-1
613|four pumpkins various sizes shapes lined row|0
147|wrecked red corvette, surrounded broken wood trash. gatorade water bottles sit black table front|-1
534|young woman black long hair lying white sofa stomach. topless, right arm covering breasts. wearing thong showing buttocks s. high heeled shoes.|1
611|beach many sailboats swimmers water. woman's legs chaise longue foreground.|1
513|well-muscled naked black man standing arms sides.|0
465|man shaved head holding black flag white lettering, standing next woman holding white sign black lettering.|-1
469|smiling man blue eyes brown hair|0
462|man concentrating playing double bass.|1
371|heart-shaped detail wrought iron fence.|0
150|parched piece earth cracks running every direction.|-1
813|lightning mostly dark sky, large white spot center lightning originates.|0
422|man grey hair feeding child blonde hair. man feeding child marshmallow stick.|1
78|man shaved head. eyes narrowed mouth open, top row teeth showing. front painting.|-1
573|large group penguins stands ice field. water ice cliffs background.|1
821|pile wood fills bottom half image, blue skies top half. white grey clouds blue sky.|0
310|large scrap metal pile containing cars appliance parts.|-1
657|black white photo old man bushy eyebrows, wearing collared sweater.|0
699|view shark's underbelly mouth open exposing teeth.|0
477|woman wearing pink shirt kissing man wearing green short sleeved shirt.|1
853|soldiers wading ashore landing craft normandy.|-1
356|marching band stands field front crowd. wear red black pants, jackets, shakos. shakos long white plumes.|0
512|man wearing blue shorts nude torso standing balcony. wearing cross necklace holding hands metal rail balcony.|0
182|brown white dog, mouth open teeth showing. brown part dog covers one eye.|1
400|rows liquor bottles pouring spouts|0
679|man wearing blue white shirt front green screen, mouth open eyes spread wide.|0
127|black white photo man plaid shirt holding head hands.|-1
204|man wearing protective gear bitten arm large dog.|0
412|sunrise lake foreground mists rising sun's rays shine trees around lake.|1
34|ambulance emergency doctor's car side road. vehicles white orange stripes. yellow helicopter ground behind tree background.|0
325|back man standing edge dock facing water hands clasped behind head.|0
724|four ski lifts side white snowy mountain. parking lot bottom mountain.|0
28|colorful race cars going around turn race track|0
468|dark skinned man black hair wearing square glasses. short beard.|0
526|blond hair woman lying bed breasts focus. pink bra black tie pink underwear black garter.|1
40|black white cat eyes half closed angry expression face.|0
425|male lion, lying ground head paws, viewed grey chain-link fence.|0
26|two cars collided intersection leaked oil road.|-1
803|happy child wide open mouth holding toy cell phone right ear. child black hair fringes big brown eyes, yellow white shirt.|1
762|two men military dress sitting side side eating turkey legs, rest turkey things table front them.|0
350|rifle scope bipod stand sitting blue table green light illuminating background.|-1
107|five white mugs white countertop. two mugs stir sticks inside|0
186|alert black tan dog ears perked lying chin grassy field.|1
693|boys girls classroom raising hand.|1
113|ballerina pirouette raised leg extended straight out.|1
408|snowy mountains pine trees reflected calm lake. parking lot edge lake.|1
108|white, green, blue, yellow cups, sitting blue surface.|0
184|wet dog holding stick mouth.|0
35|black white cat bright blue eyes, shadowy background.|1
31|stacked rows brown corrugated cardboard.|0
227|silhouette burnt trees front large fiery explosion.|-1
65|chipmunk holding green okra two front paws standing mound dirt.|1
890|two white black zebras arid area standing next one kissing face.|1
430|woman lying prone face turned left enjoying massage masseur. curtains windows water mountains seen window.|1
263|colorful fireworks front highrise buildings waterside city.|1
92|q-tips jar, show handles blue yellow color|0
336|tall green grass drops dew over.|1
264|yellow fireworks going black sky.|1
748|white powdery substance forming undulating shapes depressions.|0
207|three shot glasses containing brown liquid, sitting black reflective surface.|0
305|streams colorful plasma alien world circular object foreground another visible background.|1
776|sea ray blue spotted coloring eyes open wide swimming by.|0
89|closeup man's face squinting eyes black white stubble growing. expression looks angry.|-1
372|two nuzzling horses, one white brown head brown mane, brown head blonde main, grassy field.|1
46|brown white cat lying head resting one cheek floor front leg extended.|1
495|shirtless man wearing green shorts talking shirtless man wearing blue shorts, standing front water beach.|0
566|two men kitesurfing tree-lined coast mountains background.|1
718|grey paving stones arcs.|0
656|face man blue eyes, large nose worried look face.|0
592|three brown pine cones piece wood. image one pine cone mostly cut off.|0
424|lion stands front gray rocks. head mane shown.|1
523|two women bra tops painted nails heavy make sitting next other.|1
291|frisbee team holding frisbees lined group photograph playing field.|1
141|helmeted construction workers standing damaged building front flags, threatening sky.|0
817|line threatening clouds moving towards fishing boat bay.|0
682|black white photo woman eyes wide, lying bed holding white sheet half face.|0
507|"bald muscular man weary blue underpants ""geordi"" letters written band. staring straight tattoos arms belly. lying white towel legs spread apart."|0
69|overhead view city full tall buildings.|0
531|nude woman seated pose one knee folded knee extended hands clasped behind head|1
572|dirt road grass running middle, leading gate house. side road, grass planted green trees.|0
491|bearded fit-looking man shirt stands looking left. cap pair work gloves. appears pulling left one.|0
545|desk calculator edge table, left stapler two pens.|0
758|line soldiers silhouetted sunset background, standing front airplane.|0
590|pigeon green throat feathers standing piece wood.|0
554|hand holding little cross-ruled notebook open blank page.|0
219|girl sitting desk pencil hand writing note book, large smile face.|1
835|tornado moving across flat field. black cloud dirt surrounds base. top funnel large dark cloud.|-1
209|girl eating food tray. black hair, pink fingernails, gold earrings. similarly dressed children visible background.|1
888|two rows rose red wine bottles, lying wood racks|0
562|paraglider sky backdrop sunlight dark clouds.|1
870|bride putting wedding ring finger groom. holding hand hand wearing white bracelet.|1
791|sun low horizon, painting sky clouds vivid shades red.|1
704|shark swimming body blue water, second shark behind it.|0
734|square shaped tower building next another similar building.|0
102|man woman arms around other, facing large house sitting wooden bench. facing big house garden. woman holding bouquet red flowers.|1
200|man flannel shirt brown hat shooting arrow bow.|0
607|power lines snow-draped mountainside.|0
510|three nude men posing beach several clothed people background|0
342|gravestones cemetery trees around cemetery.|0
130|profile view man stubble-length hair beard. head lowered eyes closed. fingertips left hand resting forehead.|0
630|two men clinging rock face. climbing brown rocks ropes.|0
816|lightning bolt striking ground behind trees.|0
845|detail almond-colored wall showing rough finish.|0
653|sad baby crying tear running face. big bue eyes mouth baby half open.|-1
378|bar beer taps. glass dark beer shot whiskey beside bar. two rows liquor bottles shelves back.|0
652|man running past walkers trees sun casting eerie red glow.|0
638|turquoise, grey, white pebbles.|0
290|football player carrying ball, player ground tries pull tugging sleeve jersey hands.|0
329|long-haired goat sitting ground eyes closed head held up.|1
897|glass ball reflection fence woman taking picture.|0
555|three bottles wine red wrapping around necks, dark background.|0
844|boy leans wall roughly finished room front window. wall next window artwork drawn it.|0
858|black white image large waterfall, lights city behind it.|1
701|shark swimming front reef, teeth showing. front half shark visible.|0
727|blue skies white clouds blocks apartment buildings.|0
18|vintage borgward car blue yellow color, rusty rio de janeiro license plate. car leaves hood parked nature trees background leaves floor.|0
819|tiger mouth open. lying chain around neck.|0
826|group people holding cocktail glasses brown liquid inside. one cocktail glasses also ice black straw.|0
484|young couple kissing mouth mouth, sitting bench. man arms around woman's neck woman legs crossed man's legs. eyes closed.|1
191|long-haired brown white dog garden green tag hanging neck.|1
896|arched bridge park tall trees background, stones right bridge.|1
731|two skydivers strapped together. one front giving two thumbs-up signs. behind them, another two skydivers seen jumping plane.|1
475|shirtless man dark hair holding woman pressing face back.|1
280|bouquet flowers red roses, purple anemones baby's breath.|1
45|ambulance, helicopter, fire truck flat paved area. several firemen walking around.|0
22|black car roof crushed extensive damage front sides.|-1
738|man head lying keyboard laptop computer. eyes closed appears asleep. mouse red roller ball next him.|0
601|policemen wearing helmets body armor lined front building.|-1
15|tent glowing light inside, pitched snow field snow covered mountains background.|0
298|man holding head head despair.|-1
866|clothes vendor resting head palm one hand disgusted expression face.|0
667|bed covers pulled back rumpled sheets. side nightstand clock, phone, papers.|0
434|rows white crosses graveyard green grass.|-1
725|empty lighted ski run twilight spectators watching.|0
633|two black bears sleeping rocks.|1
591|pigeons eating something spilt sidewalk.|-1
506|shirtless man sunburn across chest shoulders standing drink hand smile face.|0
319|gargoyle form monster pointy teeth long nails.|0
245|infant grasps adult finger hand.|1
210|smiling young woman holding green apple. brown eyes hair two earrings ear.|1
855|man hand cheek brow furrowed, lips curved downwards.|0
51|man hat holding five lit torches front water people standing behind him. appear silhouette.|0
114|boys participating ritual dance holding spears dressed tribal grass clothing front hut.|0
302|spiral galaxy brightly glowing central region.|1
120|six women dancing, wearing large silver red headdresses bright yellow dresses. holding hands hips.|1
664|woman back us bending disheveled head down.|0
493|three shirtless men posing street front shopfronts|0
575|people attending symphony grand theater several levels.|1
390|collection different size keys key rings tags.|0
361|man hang glider running mountain slope.|0
651|men playing rugby grassy field. trees purple leaves old buildings background.|1
547|orangutan flabby cheeks watching something intently|0
460|woman sitting couch behind baby baby seat balanced device.|1
407|alpine lake surrounded mountains coniferous forests.|1
152|trash pile wheels axle parts machine vehicle|-1
622|many boats water front beach. people standing beach several chairs it. palm tree foreground. sun low sky.|1
802|water splashed bespectacled woman eyes screwed shut.|0
593|backlit photo pine cone sitting blue surface.|0
297|woman eyes squeezed shut wearing glasses, holding object teeth lifting long hair hands.|0
24|grey car side wet road, front portion completely smashed engine exposed.|-1
757|solar panels arranged geometric fashion field.|1
594|three brown pine cones green pine tree.|1
7|group young students classroom knees hands folded.|0
66|squirrel feet rim container held somebody's hands. person's fingers seen container.|1
313|pile metal garbage. turquoise car bottom right hand corner image.|-1
144|group women looking destroyed brick building, standing front destroyed fence post pile rubble.|-1
181|brown white beagle wearing black collar, sitting mouth open.|1
119|group young girls wearing ethnic dresses holding hands dancing.|1
85|man skiing untouched sharp sloped hill filled powdery white snow skis parallel, weight back, poles air. wearing white helmet, red jacket, grey snow pants.|0
173|brown white puppy, resting chin pile toys.|1
629|man shirt cut-off sleeves, holding mossy rock rock-climbing.|0
215|young girl looking shoulder expression delight face.|1
166|surgeon helper operating patient. surgeon wearing camera supported headband. men wear surgical masks white gloves. wall clock background two lights ceiling.|0
862|hands man woman. woman placing silver wedding band man's finger. wears matching wedding band bracelet.|1
624|rainbow lake tree front.|1
516|woman wet hair nude torso front white tiles towel bar behind her.|1
447|ape black fur legs spread apart sitting rocky area.|0
472|man three-piece suit standing front river tall buildings opposite shore background.|1
348|bearded man holding rifle casually low buildings mountains visible background.|-1
274|close pink gerbera daisy among flowers.|1
655|polar bear snow muzzle, walking snowy ground.|1
386|close-up computer keyboard. layout german.|0
163|doctor surgical mask, cap, gown gloves.|0
850|group soldiers standing behind artillery fired. smoke shooting artillery shell visible barrel.|-1
337|field green tall grass.|1
867|ring tied red white ribbons lying small pink pillow.|1
160|surgeons masks, caps gowns operating patient.|0
284|large platter various kinds sushi, sushi background.|1
881|four bobbins orange thread lined row.|0
121|row blood spattered bodies laid floor.|-1
353|menacing looking machine gun background blue sky.|-1
133|array cupcakes decorated top faces different animals.|1
187|short-haired brown dog guinea pig, lying side side red couch.|1
841|smoking crater grey plume smoke white cloud.|-1
797|surgeons wearing masks gowns operating patient.|0
53|large, nearly full moon shines howling wolf graveyard. two crosses headstone visible. flock birds flies overhead.|0
839|old women left eye pulled open two sets fingers, revealing raw-looking red flesh eyeball used be.|-1
887|silhouette person seated hands pressed together head riverbank setting sun behind.|0
599|single-engine plane lies upside-down near trees. landing gear twisted wing foreground broken.|-1
309|blue, red, yellow image space, cloudy nebula center stars around it.|1
315|magazines pieces cardboard boxes lying dirt.|-1
684|person long hair heavy make around eyes covering eyebrows vertical lines. person dark lipstick lines extending beyond corners mouth.|0
552|stack white paper, fanned near top.|0
3|man free fall attached blue bungee jumping apparatus. river mountain him. wearing white shirt blue pants.|0
185|little brown puppy dog black muzzle standing bowed legs.|1
57|woman weeping stone buried person cemetery putting hand stone bending over.|-1
582|woman, two boys, man sitting grass. woman's hands together prayer. boys man wearing white turbans.|1
73|one man diving another man jumping feet first river.|1
29|group colorful race cars going around curve single line race track.|0
270|two people walking bridge body water. water risen high level partially covering street signs bridge. pieces plant matter floating water.|-1
576|people large indoor event held sports arena.|0
647|nine rows reddish bricks.|0
666|many clear long-stemmed glasses green red liquid brown counter front mirror.|0
744|green bird orange beak, looking pink, purple, blue bird black beak. behind chain link fence tree.|1
517|dark-skinned nude woman tattoos forearms.|0
437|little boy wearing knitted hat looking concerned.|-1
812|lightning striking sea behind aircraft carrier several aircraft deck.|0
352|dark silhouettes different types guns, rifles grenade.|-1
726|man tattooed back sitting ground front two shirtless men talking another person right.|0
62|group paper boys holding copies newspapers.|0
892|three plastic bottles water blue caps laid flat white surface, one center two angle.|0
194|mangy looking dog orange peels feet.|-1
891|child looks rain-covered window head resting hand.|0
649|giant rubber duck floating lake tall building visible background|1
377|back hand old man wound exposing bloody flesh.|-1
262|string colorful starburst fireworks lakeside town|1
490|nude man woman performing oral sex bed white sheets pillows. woman kneeling him, licking penis butt front face. man legs spread wide right hand woman's right leg butt. tattoos.|0
399|lone tree shore blue lake surrounded low clouds mountains.|1
214|woman hair spiky style wearing karate outfit talking.|1
473|man dog walking snow-covered sidewalk past trees bushes.|1
84|frost window pane forming intricate fractal shapes|1
871|bouquet flowers white ribbon lying gray stone steps.|1
349|machine gun set sand bags.|-1
702|underwater view shark swimming water surface.|0
463|wildflowers rocks front road purple mountains background glowing yellow sky above.|1
542|heads sharpened drawing pencils arranged tight array.|0
394|blade lying middle charcoal fire.|0
189|pride lionesses feeding carcass freshly killed zebra.|-1
397|two-story house balcony second floor shutters windows. sloping field behind pond reflects house front it.|1
155|dry brown mud dips ridges.|0
849|black white photo boy aiming pistol.|-1
650|rugby players tackling opposing player ball.|0
784|two way road mountains background, double yellow line middle white lines side. blue sky white clouds.|1
48|beige white cat eyes closed.|1
514|unclothed torso muscular man hands reaching face turned neck chin visible.|0
645|stained brown semi-circular tiles roof.|0
132|two-layer square cake. white icing purple dots large purple flowers top.|1
304|planets solar system cratered landscape.|1
539|topless blonde woman kneeling red couch. leg tattooed ankle.|0
694|two sea lions face open mouths.|0
685|woman demonstrating something front class children.|1
583|spotted pig standing one side two-wire fence.|0
454|blond-haired woman kisses baby wearing blue white striped cap blue coat.|1
136|bowl light brown dark brown cookies, sitting wooden surface.|1
117|group hula dancers green floral dresses green yellow leis around necks. garlands around heads, wrists, ankles.|1
557|paper clips table bunch background|0
441|girl head tilted sad way sitting bed wet hair towel across torso.|-1
110|man cartwheel grass field. wearing sneakers t-shirt. photo taken wide-angle lens. black white, except sky, dark blue.|1
396|lake surrounded green trees mountains one side clear blue sky clouds above.|1
824|pile wood logs.|0
370|orange heart-shaped lock chain link fence tall trees background.|0
854|little girl facing soldier rifle pointed her.|-1
269|flooded river flowing bridge carrying vehicular traffic. flood waters partially covered road surrounded tree.|-1
449|monkey's hand, black nails brown fur, holding black chain link fence.|-1
565|brass marching band saxophonists trumpeter. sousaphone visible back.|1
672|two women life jackets operating small sailboat. boat heeling sharply right leaning left balance it.|0
585|grey pigeon red feet standing green grass.|0
278|man dressed black shirts holding new born baby.|1
563|two skydivers strapped one another arms outstretched clear blue sky.|1
75|brown cockroach spiky legs flat surface|-1
742|close view coiled snake red black markings ground.|0
708|woman brown military-style belt firing rifle.|0
105|crow perches tree branch.|0
838|night time traffic patterns divided highway.|0
700|two solid pool balls, one red, yellow, one striped red white pool ball.|0
224|black man lifting barbell five white men one woman watch.|0
359|hang glider taking side mountain town below.|1
782|street lined stone buildings cars parked one side people sidewalk.|0
159|bespectacled person wearing surgical mask cap looking eyepiece instrument.|0
588|pigeon feeder eyeing two vegetables hanging mesh bag.|1
486|man intercourse partner back.|0
464|clearing wooded area early morning fog highlighted sun.|1
77|cockroach brown, white salmon markings back.|-1
785|two-lane road solid line left broken line right divide it. dirt trees side road.|0
479|man wearing blue shirt kissing woman pink top.|1
436|old woman deeply lined face looking sad.|0
857|ship listing side smoke billowing bridge.|-1
170|black brown dog floppy ears sitting grass.|1
49|two cats sitting next eyes almost completely shut.|1
760|soldier combat uniform carrying rifle walking four young children dressed bright clothes.|0
404|canoes dock alpine lake surrounded mountains forests.|1
251|line people blowing fire mouths.|0
617|white water rafters navigating craft rough river.|1
100|man beard mustache looking sternly camera. half face obscured darkness half lit red light.|-1
790|red sky black white clouds sun setting background.|1
856|two soldiers top armored vehicle guns scope shooting something.|0
212|happy young boy eating red radish.|1
639|crowd people red roller coaster car going slope. one rider arms raised head.|1
848|square section white cement plaster wall rough irregular texture.|0
195|dog brown black fur lies chin ground looks inquiringly. green black rope tied collar.|0
674|red sailboat lake evening sun high rise buildings tower background. sunlight reflects buildings water.|1
360|two men helping launch hang glider sandy beach.|1
883|woman reverse warrior pose. looks strong wearing black pants black top. outdoors.|1
884|man wearing shorts yoga pose sandy beach.|0
561|paraglider colorful chute deployed blue sky scattered white clouds background.|1
515|young man lifting another man shoulders effort. man relaxed lying dance like pose shoulders.|0
775|orange dark blue ray light blue water.|0
395|pine trees, body water pine trees background.|1
502|shirtless runner headphones ears.|0
773|greenish rock eyes, nose, smile carved it.|1
59|cheerleader pompoms head tilted one side.|1
717|grasslike plant growing cracks brick shaped paving stones.|0
529|woman wearing red bikini lying sand. three strands pearls around neck blue eye shadow mascara. eyes ae closed relaxed expression. bikini bra shows half full size breast.|1
478|trunk old tree rough bark covering.|0
307|crater-covered planet intense spot light near top. stars shooting stars fill space around it.|1
840|crater brown mountains white smoke rising.|0
239|chain-link fence strand barbed wire.|-1
376|back old person's hand scab bleeding around edges.|-1
193|black white dog sticking muzzle bars enclosure.|-1
288|several skewers grill. contain bell peppers, onions, meat.|1
420|streaks lightning striking ground near town.|0
11|three young boys older boy blue white canoe. three young ones orange lifevests on.|1
389|ornately decorated lounge blue leather chairs, turquoise track lighting, gold counters pillars. televisions wording around room.|0
164|scientist lab coat holding container half-filled blue liquid. hand holding eyeglasses.|0
37|black white photograph kitten person touching nose finger.|1
568|paraglider flying bucolic farmland alongside lake.|1
162|surgical team operating patient. surgeon looking magnifying apparatus. five doctors nurses surround him.|0
328|man sitting cross-legged wall looking across water towards large city high rise buildings background.|0
634|bunch smooth wind- sea-weathered rocks.|0
230|enormous mushroom cloud rises bikini atoll.|-1
749|sand dune next blue water, particles sand blown air.|0
470|man long brown hair shoulders goatee.|0
250|car engulfed flames thick black smoke rising it.|-1
602|four men army uniform armored vests weapons pointed straight ahead.|-1
146|tree garbage hanging it, front wooden structure destroyed also covered garbage. blue car background.|-1
52|crosses graveyard overcast sky framing orange glow setting sun.|0
16|assembly lit orange cream candles different sizes set table.|1
609|purple box light purple ribbon tied bow around it. background boxes different colors ribbons tied around them.|1
253|blackened branches foreground fire background.|-1
82|dried maple leaf lying snow sprinkling snow it.|0
36|white brown cat green eyes standing rocky surface.|1
831|dark column tornado approaching road vehicle it.|-1
544|beach several chairs it. water brilliant blue. breakwater off-shore.|1
518|naked woman lying back bed one arm behind head hand near upper thighs.|0
167|jackal paw head dead antelope.|0
715|young girl lying next infant piece fabric flower leaf patterns it. wearing white clothes.|1
70|purple lavender soap, cream, lotion, bath foam, front sprigs fresh lavender.|1
822|empty row boat floating body water rope one edge.|0
134|bird stands bones recently killed animal.|-1
587|pigeon looking intently something.|0
339|green field gentle slope set bright blue sky single cloud|1
627|woman green white plaid shirt, rock climbing brown rocks.|0
798|surgeons nurse wearing masks gowns, blood gowns gloved hands. patient operating table behind them. surgeons turned away, selecting tools use.|0
47|long-haired brown cat sitting icy ledge.|1
550|white canvas frame sitting crumpled paper.|0
320|gargoyle form bewigged man open mouth sticks right angles wall cathedral.|0
338|green grass droplets water it.|0
27|group colorful race cars going around curve race track|0
357|sniper's rifle bipod scope attached.|-1
619|whitewater raft several helmeted rowers board navigating boiling rapids.|1
452|small boy behind woman, holding strands bright orange hair.|1
558|green, white, red, yellow, pink, black, blue paperclips large pile.|0
256|baby boy lying stomach looking upwards.|1
543|pencils, pens, markers black pencil holder. pink, blue, red, green, black.|0
528|nude woman stretching pose one knee tucked knee forming angle. head bowed one arm reaches foot bent knee reaches behind her.|1
869|close hands bride groom. back towards us, groom putting ring finger bride.|1
116|old couple dancing, woman smiling, looks head close him. brim man's hat coming hair, wearing scarf looking forward.|1
237|wrought iron fence gate twisted bars interspersed twisted bulb shapes.|0
232|man asleep sleeping little baby lying beside right cheek.|1
345|boy teddy bear sit together wooden bridge.|1
787|closeup image sun, stars space visible top left hand corner.|0
691|two young girls sitting desk room writing notebooks.|1
192|brown dog lying eyes open resting head next front paw.|1
176|three black tan dogs lie side side field stubble. staring something left. dog middle tongue hanging out.|1
285|bowl oranges. four oranges cut half.|1
203|man wearing camouflage u.s. air force uniform holding leash dog biting object foreground.|-1
317|collection glass recycled bottles jars.|-1
770|spider silhouette, hanging upside-down web.|0
860|man black striped tuxedo white dress shirt, placing wedding ring woman's hand.|1
659|sad-looking little girl long hair standing front gate fence.|0
750|undulating shapes grey sand dune twilight.|0
220|freckled boy braces teeth. wearing red helmet grate across face.|0
61|young boys working factory|-1
621|train track station left old building right. whole scene empty people trains. track veers right disappears light.|0
142|metal sheeting, wood, debris lying ground front small house.|-1
440|black white image severely emaciated child lying bed white sheets.|-1
115|couple dancing tango. wears ankle length skirt bright pink streamers.|1
778|boy sitting mother table birthday cake presents.|1
498|shirtless man standing left hand head, deep contemplation.|0
402|glassy body water grey rocks it, pine trees background. behind pine trees, snowy mountains seen.|1
247|fire engulfing bushes shore lake sundown.|0
20|blue car front end severely damaged.|-1
458|mother white dress hat holding baby face level saying something baby.|1
522|three women two men bondage gear walk street crowd looks on. one woman carries whip. another bare breasts leather bodice supported chains.|0
878|two tree trunks five rocks foreground, trees background partially obscured smoke.|0
111|three acorns flat surface. one acorn missing cap. two caps left acorns. acorns caps casting long shadows surface.|0
728|seven sky divers free fall close formation. two divers yellow smoke streaming boots third green smoke. mountains them.|1
754|close-up colorful soccer ball lying grass, stadium background.|0
438|man hand forehead eyes closed expression hopelessness.|-1
233|pile horse dung sandy soil.|-1
535|woman wearing black bra, underwear, high heels, sitting white couch. woman pierced belly button.|0
439|man holding head inside crossed arms, sitting front blue wall. holding prayer beads.|-1
720|white, grey, blue paving stones arranged arcs.|0
246|fire truck directing stream water huge fire.|-1
6|man kneeling front tent two similar-looking girls sides. hands rest shoulder, one top other.|1
443|stacks gold-colored pound coins, amount stack increasing left right.|0
267|baby east asian appearance lying belly head lifted up. wearing knit cap looking something right. teddy bear next several larger bears behind him.|1
448|chimpanzee sitting thoughtful pose inside tiled enclosure.|0
532|woman lying stomach one rail train track. topless pants pulled enough show crease butt. tattoos back arms. wearing make up, black hair pulled white strands hair near end. breast touching rail right elbow resting it. sun shining back.|0
74|cockroach flipped upside down, lying red floor rocks embedded it.|-1
480|unclothed man woman embracing intimate manner.|1
673|sailor harness hiking sailboat reach.|1
414|lamb short fleece, running green grass.|1
697|grey shark teeth showing swimming dark blue water.|0
793|body water front mountains, sunset sky reflecting onto water.|1
801|surgeons wearing surgical masks, caps gowns operating patient peering operating microscope.|0
387|grey laptop keyboard blue l-shaped enter key.|0
346|man playing guitar, sitting big stone wearing head scarf. background lake mountains.|1
886|woman yoga pose standing one leg front rock formation.|1
55|cemetery neat rows white gravestones|-1
779|shipping containers next top one another.|0
481|naked man lying top naked woman.|1
581|group shirtless men sitting wooden chairs tables placed stream.|0
364|young man smiling. wearing black glasses, white, short hair, wearing gray t-shirt.|1
179|white poodle collar looking towards us middle grassy path.|1
235|pile dog feces lying grass.|-1
641|yellow roller coaster full people, coasting red rail.|1
17|red black supercar front wheels turned right.|1
217|chef whose mouth open, wearing white paper hat blue shirt embroidered star lapel|0
809|ship skull painted bow water surround mist lightning.|0
388|laptop keyboard keys lit screen showing indistinct image.|0
537|woman showing breasts pierced nipples.|0
569|two people parasailing large parachute tow rope going picture.|1
296|person sinking head hands looking down.|-1
260|deputy fire chief standing front smouldering heap pointing something left hand.|0
0|two acorns lying ground next oak leaves.|0
